,Data,Total,Mean size(Bp),Deletions,Duplications,Mean CN Deletions,Mean CN Duplications
0,GRCh37,7780,66614.0,6110,1482,0.40850711223479885,4.85052458491179
1,  Genes,5427,85647.0,4174,1123,0.4263434301046056,4.125166930486576
2,  Telomeres,10,230539.0,4,0,0.625,
3,  SDs,1151,210065.0,730,282,0.4694724597495563,5.018248460864699
4,T2T-CHM13,178463,24871.0,37823,81920,0.9967736227965284,6.014577417095775
5,  Genes,84326,27200.0,23203,55258,0.9974492965104853,6.087164281562371
6,  Telomeres,42,5842973.0,0,41,,39.65764735905343
7,  SDs,4038,171021.0,144,3497,1.0870913375262474,7.396111753350639
