,Chromosome,Start,End,Africa-America,Africa-CentralAsiaSiberia,Africa-EastAsia,Africa-Oceania,Africa-SouthAsia,Africa-WestEurasia,America-CentralAsiaSiberia,America-EastAsia,America-Oceania,America-SouthAsia,America-WestEurasia,CentralAsiaSiberia-EastAsia,CentralAsiaSiberia-Oceania,CentralAsiaSiberia-SouthAsia,CentralAsiaSiberia-WestEurasia,EastAsia-Oceania,EastAsia-SouthAsia,EastAsia-WestEurasia,Oceania-SouthAsia,Oceania-WestEurasia,SouthAsia-WestEurasia,Start_b,End_b,name2,Distance,GeneID,logFC,AveExpr,t,P.Value,adj.P.Val,B,population
0,chr1,94285701,94285701,0.4312,0.41269,0.44266,0.33411,0.28246,0.17574,6e-05,0.00254,0.00741,0.01684,0.02574,0.00188,0.00828,0.0188,0.02989,0.01751,0.03487,0.05454,0.00215,0.00852,0.00344,94027347,94312706,BCAR3,0,BCAR3,2.2821043713282,1.87709188927164,4.7636820025094,1.87145305530525e-05,0.006931368730685,2.78126550384162,America_Africa
1,chr2,153459901,153459901,0.01402,0.01596,0.06911,0.35225,0.0221,0.01205,0.0,0.08213,0.36464,0.0457,0.02771,0.0928,0.38849,0.05152,0.03216,0.12796,0.01601,0.02975,0.22486,0.25929,0.00148,153191687,153506340,FMNL2,0,FMNL2,2.64569819083361,2.73417777738468,5.2601617244758,3.49744147390354e-06,0.0083388797573987,4.31461291866386,America_SouthAsia
2,chr2,153459901,153459901,0.01402,0.01596,0.06911,0.35225,0.0221,0.01205,0.0,0.08213,0.36464,0.0457,0.02771,0.0928,0.38849,0.05152,0.03216,0.12796,0.01601,0.02975,0.22486,0.25929,0.00148,153191687,153506340,FMNL2,0,FMNL2,1.5954159190079,2.73417777738468,4.35010139005041,7.30179403540759e-05,0.0129575118079335,1.53947996855108,America_Africa
3,chr3,15844801,15844801,0.11798,0.09967,0.301,0.18245,0.07454,0.00664,0.00069,0.04776,0.00831,0.00944,0.06549,0.06189,0.01362,0.00487,0.0556,0.01748,0.11433,0.25121,0.03715,0.11956,0.03609,15708742,15901278,ANKRD28,0,ANKRD28,0.86821879110436,5.83196311441374,3.57140487938631,0.0008341050773822,0.0432952449505313,-0.936083729864494,America_Africa
4,chr17,80963001,80963001,0.01381,0.25161,0.1708,0.32059,0.01434,0.17069,0.29904,0.20188,0.3816,0.03825,0.17522,0.01543,0.00443,0.11576,0.00425,0.03633,0.06512,0.00229,0.15534,0.01398,0.0767,80900024,81009646,B3GNTL1,0,B3GNTL1,1.29101289051879,1.64900291053874,3.88279654391427,0.0003224103557714,0.02680322744277,0.216100816308757,America_Africa
