,Chromosome,Start,End,AFR-AMR,AFR-EAS,AFR-EUR,AFR-SAS,AMR-EAS,AMR-EUR,AMR-SAS,EAS-EUR,EAS-SAS,EUR-SAS
3,chr1,713327,714478,0.15396,0.21193,0.29407,0.18103,0.00526,0.08644,0.00468,0.06728,1e-05,0.05148
5,chr1,729842,914823,0.33836,0.14385,0.38596,0.37557,0.05861,0.00106,0.00011,0.05193,0.06,0.0006
11,chr1,1444487,1534886,0.22184,0.16136,0.33825,0.17075,0.01518,0.02553,0.00614,0.08516,0.0018,0.06136
21,chr1,2976522,2977705,0.17556,0.10969,0.09944,0.20829,0.02427,0.01501,0.00571,0.00059,0.05195,0.03731
22,chr1,3299144,3300425,0.29022,0.25884,0.08182,0.06764,0.00877,0.12221,0.15379,0.08257,0.11185,0.00248
40,chr1,7510013,7511457,0.03464,0.24902,0.07014,0.07056,0.13025,0.00934,0.00906,0.06776,0.074,1e-05
52,chr1,8951975,8957443,0.00906,0.04427,0.34994,0.03781,0.08442,0.40838,0.07598,0.20078,1e-05,0.188
68,chr1,10576551,10583990,8e-05,0.06455,0.23869,0.00388,0.05973,0.23311,0.00349,0.07538,0.03427,0.18326
83,chr1,13558066,13575934,0.01046,0.09145,0.25821,0.04825,0.03571,0.16674,0.01058,0.05943,0.01063,0.1348
88,chr1,15455637,15475223,0.06502,0.02905,0.01905,0.02815,0.02867,0.22751,0.0298,0.12866,0.00016,0.13118
89,chr1,15597391,15600811,0.12239,0.13691,0.0141,0.01835,0.00039,0.29112,0.07961,0.30968,0.09051,0.08134
92,chr1,15825448,15828929,0.14138,0.00033,0.21264,0.31299,0.12641,0.00757,0.0648,0.1989,0.29353,0.03246
100,chr1,16744583,16750785,0.09247,0.61644,0.19694,0.14948,0.30239,0.01899,0.00732,0.19705,0.22876,0.00271
103,chr1,17349677,17351170,0.3199,0.4266,0.18299,0.38829,0.03095,0.03063,0.00777,0.10383,0.00853,0.06767
118,chr1,21387475,21389149,0.02015,0.17448,0.00886,0.08134,0.06039,0.04522,0.01316,0.22503,0.02677,0.13997
127,chr1,23701864,23707281,0.00017,0.16685,0.10452,0.08464,0.20993,0.13483,0.10215,0.0211,0.04826,0.01004
133,chr1,24193856,24197172,0.03673,0.1587,0.22304,0.1024,0.07121,0.09622,0.02256,0.0001,0.02033,0.02416
137,chr1,24832196,24835020,0.12193,0.20689,0.16005,0.17924,0.03876,0.0299,0.03352,0.0,0.0,0.0
153,chr1,27458913,27511473,0.35892,0.00161,0.18659,0.09283,0.35042,0.07664,0.17469,0.17536,0.07668,0.03458
200,chr1,36958604,36960208,0.00604,0.16865,0.0139,0.00202,0.2145,0.03755,0.01458,0.09285,0.13619,0.00594
210,chr1,39532542,39535584,0.12606,0.24348,0.19034,0.16458,0.06607,0.0513,0.01206,0.0,0.0318,0.02495
218,chr1,40555979,40562918,0.00846,3e-05,0.24063,0.01256,0.00881,0.1662,0.00025,0.23478,0.01298,0.18692
238,chr1,46240191,46242954,0.01907,0.20888,0.23551,0.02064,0.1137,0.12836,5e-05,0.00025,0.105,0.12256
278,chr1,54626600,54630293,0.1681,0.1963,0.23776,0.1338,0.0013,0.00706,0.0078,0.00232,0.0158,0.03335
294,chr1,61647741,61653848,0.20738,0.16339,0.17409,0.04129,0.00257,0.00817,0.09895,0.00154,0.06859,0.06428
296,chr1,62157260,62158657,0.15139,0.0222,0.07759,0.02371,0.20195,0.02307,0.0675,0.15982,0.0824,0.01622
300,chr1,63239685,63242475,0.23878,0.24954,0.42863,0.18648,9e-05,0.01648,0.00508,0.02041,0.0042,0.04411
321,chr1,72300640,72346156,0.00869,0.13004,0.16641,0.01822,0.17884,0.2522,0.05399,0.00043,0.06126,0.10302
330,chr1,75377083,75383396,0.04689,0.09818,0.08583,0.06675,0.30311,0.00914,0.00339,0.42316,0.32719,0.00112
345,chr1,79571302,79572358,0.00645,0.04014,0.05294,0.00542,0.09601,0.04349,0.0001,0.21305,0.09804,0.0604
347,chr1,79756095,79757347,0.22329,0.15332,0.09846,0.04504,0.01223,0.03556,0.09012,0.00644,0.03889,0.01479
351,chr1,80939072,80945263,0.07369,0.48925,0.01551,0.08288,0.33855,0.02133,0.0026,0.40788,0.24903,0.03083
359,chr1,82660275,82661886,0.19984,0.18696,0.20085,0.20809,0.00263,0.00129,0.00033,0.008,0.00526,0.00039
363,chr1,84052242,84058953,0.05052,0.08899,0.007,0.00985,0.25591,0.02215,0.01754,0.18726,0.17836,0.00028
364,chr1,84246327,84250186,0.03147,0.04109,0.12371,0.00386,0.00038,0.23449,0.05143,0.25164,0.06213,0.09949
383,chr1,89010225,89012941,0.18074,0.06844,0.27935,0.17928,0.03557,0.01749,0.00021,0.09673,0.03137,0.02225
386,chr1,91766504,91767776,0.00284,0.12545,0.04036,0.2019,0.15568,0.02266,0.16009,0.26419,0.48412,0.06551
392,chr1,93822816,93825700,0.14829,0.47973,0.23776,0.34209,0.15616,0.01285,0.06139,0.08209,0.02379,0.01903
404,chr1,99924797,99928678,0.26905,0.32239,0.23747,0.07275,0.00621,0.00197,0.09115,0.01426,0.13284,0.07112
417,chr1,103561098,103791638,0.04538,0.05821,0.05646,0.00842,0.0022,0.27528,0.03348,0.31616,0.05254,0.14636
423,chr1,104712410,104713566,0.07929,0.0462,0.15715,0.04685,0.23931,0.0329,0.0033,0.34923,0.17661,0.04899
436,chr1,108190715,108194629,0.35388,0.37123,0.17437,0.37077,0.00115,0.06401,0.00228,0.0771,0.00678,0.05423
439,chr1,108481928,108483660,0.12036,0.26888,0.12867,0.12287,0.07583,0.00241,6e-05,0.07267,0.09567,0.00217
460,chr1,112149168,112162081,0.06025,0.16699,0.22304,0.23856,0.02356,0.03215,0.05822,0.00048,0.00968,0.00631
468,chr1,113344844,113345875,0.20922,0.46407,0.03683,0.0377,0.07902,0.10201,0.10954,0.30918,0.32979,1e-05
469,chr1,113497205,113503255,0.10658,0.28204,0.00019,0.00583,0.05545,0.10201,0.06605,0.25163,0.21328,0.0096
478,chr1,117337783,117339212,0.00089,0.07906,0.09551,0.00125,0.08019,0.11447,4e-05,0.30135,0.0824,0.11664
537,chr1,152213251,152220287,0.01261,0.02006,0.21391,0.07035,0.00122,0.16308,0.02409,0.13594,0.0087,0.1427
541,chr1,152549244,152616551,0.00257,0.06684,0.27813,0.02754,0.08144,0.29815,0.04281,0.09292,0.01046,0.18259
542,chr1,152787869,152798352,0.00062,0.03946,0.17497,0.01487,0.02681,0.17839,0.00851,0.3375,0.00765,0.27085
560,chr1,155689968,155694673,0.42387,0.46613,0.38941,0.42229,0.01264,0.00969,0.01089,0.0,0.0,0.0
569,chr1,158897740,158900191,0.14608,0.28696,0.02371,0.1215,0.0573,0.0481,0.0005,0.15735,0.06053,0.03679
577,chr1,160965230,160970121,0.0683,0.01452,0.17437,0.24385,0.02049,0.03816,0.07452,0.1015,0.15679,0.00466
597,chr1,168055321,168056494,0.07667,0.58529,0.2583,0.33739,0.35427,0.0723,0.12302,0.14858,0.09829,0.0072
610,chr1,174233464,174234564,0.18891,0.25778,0.20235,0.22526,0.02556,0.01965,0.02206,0.0,0.0,0.0
612,chr1,174461656,174553337,0.14821,0.24981,0.04745,0.15642,0.03566,0.04928,0.00048,0.17834,0.0401,0.06926
623,chr1,179360617,179364625,0.15258,0.31406,0.17308,0.27709,0.09465,0.00807,0.08251,0.06494,0.0,0.05781
637,chr1,184845594,184851650,0.03606,0.27169,0.05874,0.16739,0.13024,0.0035,0.05276,0.09404,0.02763,0.03059
645,chr1,187495965,187497580,0.02914,0.05738,0.1078,0.02707,0.1476,0.24561,0.1062,0.00736,0.00566,0.03124
648,chr1,187746973,187753401,0.17618,0.02486,0.29814,0.179,0.23709,0.0111,8e-05,0.39122,0.24276,0.00908
668,chr1,191947314,191949423,0.28369,0.24422,0.3324,0.18394,0.00695,0.01905,0.0189,0.04579,0.00347,0.06963
681,chr1,194482007,194485182,0.00408,0.0232,0.04412,0.09045,0.04997,0.09587,0.07974,0.00372,0.19015,0.2871
700,chr1,198804620,198806285,0.23217,0.52047,0.18055,0.2901,0.1984,0.00106,0.02626,0.18973,0.07745,0.0316
701,chr1,199140919,199144677,0.20125,0.45969,0.1358,0.2728,0.15495,0.00404,0.01697,0.1847,0.08379,0.03441
709,chr1,201256653,201258130,0.19576,0.00114,0.22715,0.21138,0.1682,0.00012,0.01045,0.2,0.18671,0.00861
713,chr1,203918538,203920758,0.21167,0.31022,0.24727,0.27352,0.03876,0.0299,0.03352,0.0,0.0,0.0
721,chr1,206049268,206060308,0.03475,0.14232,0.33241,0.1456,0.05282,0.21194,0.06516,0.0439,0.00265,0.01891
728,chr1,207842836,207847796,0.00027,0.31795,0.05235,0.21728,0.29724,0.0455,0.20373,0.15265,0.01608,0.07856
736,chr1,210428015,210440839,0.00188,0.00122,0.18194,0.00876,0.00561,0.20958,0.0173,0.14828,0.00336,0.10585
742,chr1,212297793,212299274,0.27233,0.47485,0.31521,0.19457,0.06592,0.00144,0.00608,0.04758,0.10102,0.01324
745,chr1,212910885,212912827,0.41178,0.54115,0.22607,0.4005,0.02312,0.04162,2e-05,0.12311,0.02126,0.04248
753,chr1,215278665,215356190,0.22596,0.07019,0.09394,0.0,0.10758,0.08425,0.1861,0.00038,0.05481,0.07831
758,chr1,217522706,217524322,0.01962,0.00414,0.24857,0.00568,0.03703,0.3504,0.03935,0.18896,0.00021,0.16614
762,chr1,218005857,218018650,0.27132,0.45077,0.08738,0.26529,0.1401,0.07869,0.00215,0.30095,0.07293,0.08625
799,chr1,228556391,228631157,0.04376,0.00457,0.13015,0.004,0.07374,0.2991,0.0698,0.09358,0.0,0.09293
817,chr1,233826463,233827806,0.42918,0.22323,0.33162,0.28036,0.08069,0.03279,0.02369,0.01075,0.01422,0.00043
818,chr1,234182898,234184001,0.45505,0.82403,0.03872,0.28172,0.27849,0.2922,0.03865,0.71583,0.4194,0.14552
821,chr1,235091681,235092820,0.0456,0.22747,0.0751,0.08484,0.15598,0.01124,0.01303,0.11111,0.1001,4e-05
823,chr1,235373750,235375022,0.12748,0.20521,0.0568,0.07487,0.01799,0.01226,0.01012,0.0524,0.054,0.00036
830,chr1,236755603,236757177,0.31719,0.1454,0.36082,0.1458,0.06122,0.00802,0.05797,0.10279,0.0001,0.10675
865,chr1,245991751,245992854,0.00833,0.03514,0.17974,0.00162,0.05537,0.07751,0.01238,0.28879,0.01465,0.16324
874,chr1,247115869,247118523,0.17456,0.30335,0.07936,0.05067,0.03605,0.02525,0.06324,0.11871,0.18896,0.00822
875,chr1,247128850,247129993,0.10132,0.25808,0.14825,0.10338,0.09499,0.0247,0.00077,0.01693,0.07095,0.01559
884,chr1,248674922,248677599,0.19221,0.01915,0.02836,0.02968,0.11076,0.2743,0.06454,0.0851,0.00281,0.0914
885,chr1,248703886,248712788,0.26251,0.35039,0.28263,0.31108,0.03876,0.0299,0.03352,0.0,0.0,0.0
891,chr10,321484,324129,0.2548,0.11063,0.24019,0.28632,0.04987,4e-05,0.00324,0.05079,0.07481,0.00308
894,chr10,447136,448904,0.43549,0.49759,0.38358,0.45764,0.0061,0.00082,0.00363,0.0112,0.00028,0.00801
897,chr10,735394,738702,0.12784,0.24671,0.01541,0.0832,0.0744,0.08819,0.00301,0.18033,0.08186,0.04372
910,chr10,2495913,2497153,0.04241,0.0,0.2241,0.0171,0.03876,0.09341,0.00956,0.21127,0.01571,0.14511
919,chr10,4247870,4249490,0.39154,0.44439,0.44654,0.54869,0.00855,0.01846,0.08109,0.00139,0.03215,0.02704
922,chr10,4666325,4668321,0.25371,0.41098,0.15993,0.25823,0.02685,0.01698,0.00105,0.09504,0.0488,0.01324
925,chr10,5245336,5251382,0.12603,0.36235,0.04408,0.05016,0.13917,0.02969,0.02499,0.3304,0.27537,0.00013
927,chr10,5847596,5850854,0.42319,0.62101,0.32446,0.51219,0.05512,0.01156,0.01107,0.11358,0.01789,0.04583
929,chr10,6369601,6375667,0.0007,0.13785,0.00251,0.0,0.1377,0.00616,0.00082,0.20317,0.16061,0.00254
933,chr10,7035078,7036337,0.08329,0.00499,0.39273,0.27301,0.05231,0.14447,0.05715,0.34178,0.2208,0.02982
951,chr10,12518460,12520974,0.02682,0.04495,0.00172,0.10753,0.00145,0.01506,0.22282,0.02837,0.27814,0.16068
966,chr10,17268723,17273506,0.21748,0.24125,0.08347,0.05236,0.00295,0.04324,0.10338,0.06158,0.12601,0.01342
970,chr10,18541537,18621347,0.00927,0.29576,0.00843,0.05637,0.27011,3e-05,0.02753,0.23234,0.12823,0.02202
972,chr10,19707622,19709079,0.37911,0.10625,0.2514,0.22465,0.11115,0.02588,0.04407,0.03381,0.02114,0.0023
973,chr10,20559564,20572038,0.00134,0.04066,0.30268,0.02365,0.02726,0.26481,0.0136,0.13373,0.00464,0.18915
983,chr10,24087908,24093892,0.21001,0.03976,0.39273,0.19763,0.30631,0.0398,0.00033,0.51308,0.30212,0.04777
987,chr10,24733952,24747520,0.02143,0.15542,0.0212,0.07503,0.06817,0.08627,0.01807,0.30479,0.02126,0.19765
995,chr10,27314818,27417441,0.01051,0.00115,0.0305,0.22695,0.0146,0.00686,0.1626,0.03271,0.19813,0.10076
1009,chr10,30957824,30962838,0.15658,0.01117,0.26014,0.14731,0.1177,0.01285,0.00462,0.21009,0.10146,0.03491
1010,chr10,31154421,31155935,0.36025,0.11809,0.42577,0.27356,0.0928,0.00912,0.01031,0.14204,0.04309,0.03795
1023,chr10,35930733,35932138,0.07209,0.38002,0.04593,0.07055,0.22504,0.00687,0.00017,0.23669,0.22147,0.00521
1069,chr10,45766847,45820745,0.0602,0.11741,0.00975,0.04949,0.25364,0.02552,0.18473,0.1591,0.01719,0.10048
1080,chr10,50149861,50151310,0.22463,0.28776,0.22787,0.25275,0.02556,0.01965,0.02206,0.0,0.0,0.0
1086,chr10,52255853,52258369,0.20395,0.04372,0.18882,0.06768,0.081,0.00456,0.04678,0.05864,0.00418,0.02944
1090,chr10,53023782,53029067,0.15263,0.20875,0.30444,0.19617,0.00639,0.02059,0.00112,0.00377,0.00231,0.01324
1092,chr10,53322415,53330591,0.10296,0.28674,0.06895,2e-05,0.0654,0.00459,0.09339,0.09528,0.25585,0.06926
1111,chr10,57450027,57452076,0.01344,0.05012,0.02855,0.0724,0.01246,0.00482,0.13823,0.00109,0.22088,0.16612
1126,chr10,63749488,63751639,0.03356,0.23745,0.00333,0.01578,0.15495,0.01812,0.00222,0.27734,0.14826,0.00559
1131,chr10,65547174,65555536,0.24245,0.42227,0.38477,0.2436,0.04173,0.00478,0.00298,0.01978,0.06845,0.01748
1178,chr10,76495814,76501261,0.17435,0.03407,0.31974,0.20453,0.07733,0.05747,0.00279,0.23033,0.10632,0.03842
1179,chr10,76586831,76591819,0.44181,0.22796,0.35159,0.35758,0.05767,0.00192,0.00779,0.03145,0.02307,0.00143
1191,chr10,79745428,79868173,0.01613,0.20129,0.04218,0.02426,0.14342,0.01511,0.0031,0.05668,0.09672,0.0041
1192,chr10,79965529,79967669,0.09453,0.14311,0.05099,0.08463,0.34451,0.01158,0.00015,0.26575,0.32361,0.00908
1194,chr10,80990540,80992893,0.06493,0.13908,0.1423,0.21681,0.02007,0.03056,0.07999,0.00117,0.0217,0.01342
1201,chr10,82368058,82370608,0.40844,0.27658,0.49704,0.49802,0.02678,0.03222,0.01957,0.09348,0.08027,0.0029
1236,chr10,92374855,92377893,0.26679,0.0801,0.33739,0.14789,0.08736,0.0209,0.04184,0.16423,0.01427,0.1294
1239,chr10,92673689,92676024,0.00613,0.08331,0.33394,0.05752,0.12741,0.4422,0.09929,0.1173,0.0016,0.14717
1261,chr10,100398551,100399780,0.13361,0.12532,0.22611,0.05057,2e-05,0.0129,0.03012,0.01119,0.02874,0.08587
1269,chr10,103293407,103294435,0.02831,0.01288,0.2525,0.12394,0.00418,0.13903,0.0405,0.18962,0.07141,0.03352
1276,chr10,105296845,105302599,0.07473,0.382,0.09035,0.12596,0.16505,0.00058,0.00678,0.2657,0.16189,0.00475
1278,chr10,106236236,106237976,0.40988,0.25659,0.42702,0.07458,0.05976,0.01866,0.21192,0.10836,0.06665,0.26492
1279,chr10,106270559,106272783,0.41948,0.67793,0.64563,0.34209,0.0444,0.04172,0.01792,0.00029,0.13359,0.12412
1291,chr10,109812352,109818458,0.27294,0.37939,0.46485,0.3054,0.01619,0.10829,0.00082,0.05504,0.01209,0.1345
1297,chr10,112352423,112356900,0.06675,0.25392,0.09983,0.13824,0.07569,0.00342,0.01411,0.05014,0.02816,0.00408
1314,chr10,120467142,120469314,0.29126,0.45515,0.2482,0.2868,0.03727,0.00223,0.00027,0.07195,0.05497,0.00117
1360,chr10,131110795,131114516,0.00371,0.19741,0.09287,0.25874,0.14747,0.06184,0.20952,0.02793,0.01041,0.06886
1370,chr10,132505259,132506674,0.23141,0.15118,0.01705,0.11656,0.01361,0.14874,0.03456,0.07487,0.00429,0.05553
1394,chr11,1058849,1060224,0.11505,0.0005,0.05304,0.01478,0.12555,0.30448,0.05428,0.04336,0.01995,0.12624
1397,chr11,1154547,1155958,0.04959,0.26174,0.14085,0.28489,0.09694,0.03187,0.11046,0.014,1e-05,0.01726
1402,chr11,1351880,1352976,0.03311,0.07263,0.08573,0.03144,0.20414,0.23015,0.12848,0.00334,0.00703,0.01839
1405,chr11,1633067,1635472,0.0191,0.24174,0.05651,0.15468,0.27907,0.02437,0.14629,0.18519,0.04826,0.06206
1408,chr11,2300048,2330136,0.06638,0.3997,0.0384,0.04705,0.17385,0.15884,0.00537,0.49192,0.2643,0.18204
1415,chr11,3467149,3471062,0.01413,0.13144,0.00721,0.01954,0.08593,0.04896,0.00073,0.29412,0.07371,0.0618
1416,chr11,3627948,3631048,0.08711,0.39673,0.43051,0.22732,0.14166,0.13173,0.03704,0.00088,0.03623,0.02829
1420,chr11,4946398,4955581,0.06894,0.16583,0.28818,0.01724,0.02109,0.07633,0.02211,0.01826,0.08619,0.1966
1425,chr11,5654329,5661197,0.0367,0.3002,0.0335,0.01245,0.13392,0.10829,0.07751,0.38006,0.35173,0.00822
1435,chr11,7768787,7770462,0.28441,0.12509,0.28984,0.25477,0.06648,0.00031,0.00567,0.06471,0.03985,0.00405
1438,chr11,8818100,8979568,0.05923,0.04782,0.00015,0.07174,0.1586,0.06217,0.20903,0.03939,0.00075,0.0741
1442,chr11,9504239,9505263,0.28189,0.19541,0.41509,0.26226,0.01006,0.00493,0.00731,0.02972,0.00043,0.02951
1452,chr11,11801440,11803076,0.03979,0.3397,0.00314,0.08194,0.4622,0.09341,0.21748,0.27823,0.12339,0.05831
1464,chr11,17188205,17189668,0.19816,0.2333,0.18184,0.20302,0.01264,0.00969,0.01089,0.0,0.0,0.0
1491,chr11,23183931,23189290,0.03857,0.3278,0.13811,0.20093,0.20535,0.04826,0.0923,0.06667,0.0299,0.00758
1502,chr11,25410960,25413286,0.17088,0.3584,0.09765,0.08638,0.07828,0.01219,0.01242,0.14378,0.1233,0.00012
1517,chr11,29117837,29118861,0.04494,0.24911,0.33103,0.08764,0.08969,0.17604,0.00759,0.0327,0.04772,0.13277
1522,chr11,31372226,31376099,0.27007,0.00421,0.3088,0.25847,0.22078,0.00234,0.00093,0.25966,0.20912,0.00628
1527,chr11,32367744,32369106,0.03271,0.09085,0.05888,0.01631,0.21514,0.00605,0.10518,0.26832,0.03929,0.16687
1574,chr11,45408296,45410063,0.1169,0.04262,0.12018,0.20927,0.02856,0.0,0.01202,0.03053,0.08852,0.01512
1577,chr11,46180819,46311482,0.0015,0.01459,0.19845,0.00291,0.02227,0.20932,0.00745,0.11711,0.00326,0.14213
1580,chr11,47036037,47042140,0.35954,0.07735,0.4478,0.3173,0.11071,0.01229,0.01159,0.16992,0.06447,0.05014
1593,chr11,50407244,50457042,0.06594,0.01345,0.08135,0.00828,0.13294,0.31005,0.12345,0.03158,0.00055,0.04592
1633,chr11,58690547,58694447,0.19517,0.20908,0.16184,0.1812,0.0,0.0,0.0,0.0,0.0,0.0
1636,chr11,58864299,58869080,0.1311,0.289,0.06022,0.09437,0.07686,0.0131,0.00974,0.11706,0.12168,0.00071
1639,chr11,61084358,61086420,0.36033,0.35107,0.35224,0.19153,0.00176,0.0049,0.05804,0.01156,0.04242,0.0822
1647,chr11,62325418,62389619,0.14644,0.078,0.00026,0.09694,0.01755,0.2069,0.01012,0.08674,0.00205,0.13624
1663,chr11,65874636,65876048,0.05677,0.00196,0.01769,0.1448,0.09493,0.00936,0.04272,0.03623,0.21484,0.07615
1693,chr11,71421918,71423453,0.06766,0.04811,0.31276,0.018,0.00732,0.32759,0.06284,0.37538,0.02441,0.50971
1717,chr11,81186867,81195456,0.0557,0.04887,0.01939,0.00961,0.21545,0.02419,0.05069,0.13182,0.11148,0.00562
1726,chr11,83753612,83756874,0.08389,0.05944,0.04239,0.00317,0.21961,0.23586,0.06228,0.00226,0.08129,0.07629
1764,chr11,90065913,90077392,0.07301,0.00087,0.03418,0.05411,0.07,0.01991,0.21013,0.02963,0.06739,0.14459
1766,chr11,90460538,90462829,0.18887,0.33535,0.00691,0.11141,0.03716,0.12089,0.02782,0.24037,0.12495,0.06263
1767,chr11,90834905,90837905,0.28584,0.37065,0.30078,0.33022,0.03876,0.0299,0.03352,0.0,0.0,0.0
1777,chr11,93136620,93142745,0.12678,0.27851,0.08953,0.1926,0.04564,0.00376,0.01129,0.07806,0.01289,0.0309
1780,chr11,93286999,93296740,0.00465,0.00919,0.0999,0.05245,0.02344,0.05812,0.07782,0.14978,0.01705,0.2754
1793,chr11,95436215,95442267,0.05436,0.07351,0.43422,0.06037,0.0031,0.192,0.00096,0.13545,0.00051,0.15075
1804,chr11,97947228,98007356,0.01147,0.09057,0.0423,0.00366,0.03572,0.0879,0.02477,0.20085,0.10933,0.02149
1813,chr11,101695056,101704527,0.01511,0.4064,0.00066,0.06893,0.28871,0.00973,0.01994,0.39765,0.17535,0.0599
1831,chr11,105422742,105428178,0.12453,0.22027,0.17105,0.19127,0.05226,0.04044,0.04529,0.0,0.0,0.0
1838,chr11,106915512,106918843,0.05909,0.16284,0.14953,0.23962,0.03981,0.02852,0.09583,0.00117,0.01506,0.02346
1840,chr11,107781455,107800995,0.05433,0.02214,0.08352,0.07206,0.16699,0.03772,0.01089,0.20281,0.1882,0.00617
1901,chr11,127879646,127881689,0.20273,0.0222,0.1991,0.08582,0.26367,0.00156,0.02604,0.29412,0.14315,0.01662
1928,chr11,134926542,134929956,0.03481,0.1301,0.12861,0.21589,0.03751,0.04423,0.10991,0.00022,0.02003,0.01802
1929,chr11,134933739,134936143,0.21778,0.17258,0.17572,0.10549,0.00779,0.00166,0.03514,0.00247,0.00988,0.02289
1939,chr12,921486,947196,0.00053,0.01513,0.23319,0.03768,0.01953,0.24359,0.04341,0.16152,0.00688,0.10082
1950,chr12,3197677,3198888,0.22727,0.0187,0.0339,0.00112,0.14394,0.10221,0.20119,0.00317,0.01101,0.02713
1953,chr12,3934491,3935627,0.00376,0.03292,0.10341,0.01886,0.06005,0.11074,0.0077,0.22979,0.0992,0.07975
1959,chr12,5928405,5929932,0.20242,0.17821,0.16195,0.05162,0.01438,0.0011,0.05263,0.00607,0.02659,0.03729
1975,chr12,8346246,8353476,0.11284,0.00715,0.30497,0.1507,0.09171,0.07567,0.00203,0.34266,0.14062,0.07067
1977,chr12,8405889,8442182,0.00579,0.22573,0.2376,0.19176,0.14904,0.16965,0.12526,0.00314,0.00155,0.01045
1982,chr12,8864244,8865271,0.22275,0.28345,0.22417,0.24878,0.02556,0.01965,0.02206,0.0,0.0,0.0
1986,chr12,9566388,9570648,0.21469,0.36383,0.10375,0.18326,0.02717,0.0198,0.00175,0.09227,0.04446,0.0106
1998,chr12,16267189,16268349,0.00815,0.01209,0.02428,0.11578,0.00035,0.06628,0.07239,0.0734,0.06327,0.25288
2000,chr12,17291891,17293003,0.06209,0.02654,0.20399,0.00346,0.00728,0.06868,0.03803,0.10383,0.01088,0.17814
2017,chr12,22418525,22431803,0.011,0.00378,0.1709,0.03353,0.03812,0.32567,0.10814,0.18498,0.02227,0.09127
2043,chr12,30325350,30328056,0.24534,0.01466,0.44621,0.14414,0.28257,0.08188,0.02669,0.47893,0.19559,0.17858
2063,chr12,33232169,33245378,0.08972,0.01457,0.12554,0.04762,0.16967,0.00839,0.01036,0.21898,0.1143,0.04308
2065,chr12,33562183,33564030,0.14742,0.01411,0.00405,0.00137,0.21007,0.09714,0.10891,0.03492,0.02241,0.00062
2080,chr12,34688001,34697661,0.06725,0.08109,0.21573,0.02537,0.23581,0.0455,0.00805,0.4673,0.16061,0.08844
2087,chr12,37300557,37301920,0.13192,0.04761,0.31401,0.07075,0.26219,0.0455,0.00805,0.50256,0.18517,0.08844
2088,chr12,37308310,37347810,0.03616,0.04067,0.16031,0.00425,0.12068,0.25499,0.05623,0.04604,0.01777,0.13423
2093,chr12,37597423,37600831,0.15948,0.02676,0.34613,0.10121,0.05844,0.03538,0.01078,0.18274,0.02135,0.0913
2095,chr12,37616343,37624293,0.10492,0.01148,0.39924,0.13913,0.14494,0.09954,0.00238,0.46797,0.18517,0.07252
2101,chr12,37687839,37692646,0.10303,0.29262,0.01462,0.16495,0.08928,0.05348,0.0133,0.30694,0.05046,0.13378
2122,chr12,38803763,38807999,0.04241,0.27706,0.11877,0.08913,0.18418,0.02329,0.0118,0.10451,0.13159,0.00194
2133,chr12,42626406,42633635,0.12007,0.21054,0.02256,0.06675,0.01936,0.04197,0.01325,0.1015,0.06107,0.01155
2141,chr12,45509370,45516156,0.01951,0.34392,0.03476,0.12156,0.27098,0.10495,0.05544,0.55297,0.11399,0.27298
2149,chr12,48314792,48316917,0.16873,0.01117,0.33401,0.46088,0.123,0.06477,0.19844,0.28416,0.41551,0.04796
2158,chr12,49878079,49879493,0.07737,0.01842,0.06132,0.01466,0.02439,0.2336,0.02896,0.13927,0.00019,0.14749
2161,chr12,50579927,50581722,0.07405,0.19607,0.02833,0.00897,0.04641,0.15924,0.03534,0.24673,0.13225,0.08581
2176,chr12,53681024,53682982,0.00112,0.21853,0.08015,0.01623,0.25946,0.06808,0.02672,0.48822,0.15183,0.17061
2196,chr12,58115844,58119959,0.19517,0.20908,0.16184,0.1812,0.0,0.0,0.0,0.0,0.0,0.0
2206,chr12,60128058,60131254,0.39286,0.24232,0.20462,0.31452,0.03825,0.05228,0.04924,0.00178,3e-05,0.00191
2221,chr12,66131757,66136470,0.32124,0.10457,0.16101,0.03655,0.56058,0.03061,0.16842,0.39695,0.22535,0.0554
2226,chr12,69163976,69165911,0.1243,0.20209,0.04593,0.08913,0.01936,0.04043,0.0133,0.09446,0.05964,0.01239
2229,chr12,70201066,70203797,0.01143,0.09469,0.05313,0.00894,0.15886,0.01723,0.03713,0.26812,0.03915,0.10084
2235,chr12,71208577,71210693,0.32252,0.58594,0.14057,0.20362,0.11274,0.0673,0.02975,0.33667,0.25099,0.00895
2237,chr12,71795378,71796793,0.01095,0.01216,0.20285,2e-05,0.04959,0.15854,0.01102,0.34648,0.01429,0.25743
2247,chr12,74250797,74254275,0.18508,0.06871,0.21656,0.13344,0.05325,0.0299,0.00349,0.10588,0.02457,0.03361
2260,chr12,79761110,79768988,0.05816,0.04504,0.27493,0.04297,0.00076,0.09403,0.00107,0.11071,4e-05,0.11011
2268,chr12,81745936,81750540,0.17456,0.16274,0.28196,0.21663,0.00021,0.00146,0.00333,0.00282,0.00177,0.01216
2287,chr12,90093305,90097917,0.03234,0.36222,0.05476,0.30306,0.24058,0.00602,0.18401,0.16043,0.01607,0.11182
2291,chr12,90578061,90580839,0.00667,0.11552,0.00532,0.1949,0.11855,0.0,0.20509,0.09835,0.00444,0.1769
2311,chr12,95946567,95949176,0.00288,0.06273,0.04305,0.10945,0.08321,0.02209,0.07067,0.20642,0.31434,0.01449
2318,chr12,98276149,98278312,3e-05,0.14431,0.00805,0.02418,0.1446,0.00686,0.02107,0.21944,0.26408,0.00356
2322,chr12,99400169,99408992,0.03359,0.17099,0.00409,0.10258,0.10944,0.0176,0.0396,0.21127,0.0318,0.109
2337,chr12,101882170,101883376,0.0,0.23181,0.0,0.20946,0.20131,0.0,0.18527,0.16972,0.01321,0.15927
2366,chr12,111742955,111877938,0.13422,0.00632,0.05665,0.05899,0.20095,0.01902,0.02959,0.10067,0.10652,0.00033
2367,chr12,112581581,112582643,0.02564,0.02671,0.01455,0.15523,0.0,0.00139,0.27022,0.00131,0.27686,0.22853
2380,chr12,117203137,117205718,0.12439,0.13396,0.17563,0.37994,3e-05,5e-05,0.07427,0.00017,0.08319,0.0794
2390,chr12,119917784,119920003,0.30742,0.0369,0.25137,0.18951,0.15389,0.00478,0.01242,0.11006,0.07237,0.00239
2402,chr12,121998427,122000161,0.00023,0.11201,0.16374,0.03392,0.12891,0.229,0.04871,0.0022,0.02739,0.05986
2427,chr12,126336389,126344938,0.2696,0.26237,0.0984,0.17811,0.00218,0.05038,0.01186,0.03783,0.00516,0.01301
2428,chr12,126503796,126531241,0.01003,0.0019,0.25748,0.01413,0.02088,0.18711,0.0004,0.30186,0.02699,0.17412
2430,chr12,127003363,127010540,0.20646,0.24579,0.06797,0.22295,0.00389,0.05968,0.00544,0.08852,0.00016,0.08952
2432,chr12,127094860,127101257,0.01347,0.18097,0.01075,0.0123,0.2064,0.0,0.0,0.17419,0.19304,0.0
2439,chr12,128041168,128042498,0.21822,0.20051,0.23134,0.1416,0.00159,0.00895,0.00755,0.01502,0.00254,0.02466
2448,chr12,129087867,129089572,0.52021,0.53076,0.26017,0.26823,0.00036,0.13212,0.1325,0.12793,0.12891,7e-05
2451,chr12,129388076,129389137,0.0076,0.01598,0.10529,0.08283,0.00191,0.17235,0.05447,0.18491,0.03215,0.31375
2452,chr12,129573768,129577729,0.05068,0.1939,1e-05,0.0604,0.07841,0.05571,0.00098,0.24868,0.06677,0.07119
2458,chr12,130293326,130299274,0.03822,0.0314,0.08033,0.00303,0.14163,0.2487,0.08238,0.01564,0.01662,0.06795
2459,chr12,130386406,130387647,0.00221,0.098,0.26062,0.20002,0.06316,0.20658,0.14912,0.06366,0.02566,0.01033
2463,chr12,131382230,131383415,0.05933,2e-05,0.20656,0.24462,0.05272,0.07254,0.09537,0.19289,0.22744,0.00149
2470,chr12,132134623,132136328,0.09725,0.16391,0.02247,0.00114,0.00716,0.18342,0.06478,0.26482,0.11523,0.02919
2498,chr13,18332747,18336082,0.01899,0.22307,0.03717,0.16557,0.13247,0.00293,0.09083,0.09216,0.003,0.06111
2499,chr13,18494072,18497779,0.24471,0.08177,0.35785,0.14618,0.05941,0.04081,0.01699,0.15728,0.01361,0.10216
2509,chr13,20251342,20254653,0.04241,0.10835,0.26014,0.09752,0.02688,0.13846,0.02638,0.05189,0.00012,0.0418
2534,chr13,26475904,26478049,0.15646,0.11704,0.21431,0.18792,0.00345,0.01043,0.00384,0.02424,0.01389,0.00162
2541,chr13,29641686,29647707,0.03619,0.06723,0.01954,0.0691,0.21555,0.00141,0.00803,0.16245,0.28262,0.01463
2563,chr13,37497803,37511440,0.00665,0.09973,0.29504,0.23753,0.05076,0.21695,0.15853,0.08061,0.03507,0.01363
2568,chr13,38483178,38486064,0.16186,0.09864,0.26165,0.08395,0.00632,0.01812,0.01911,0.04101,0.00254,0.07697
2571,chr13,39173387,39177487,0.16386,0.22581,0.17563,0.19625,0.02556,0.01965,0.02206,0.0,0.0,0.0
2572,chr13,39360045,39361343,0.20456,0.14212,0.23817,0.11339,0.01531,0.00211,0.02089,0.03152,0.00074,0.04114
2579,chr13,42965658,42967311,0.03207,0.24287,0.1109,0.09793,0.1385,0.03685,0.0259,0.05196,0.04732,0.00045
2586,chr13,44681899,44683623,0.18335,0.00741,0.0227,0.00869,0.28848,0.16583,0.16738,0.06271,0.03462,0.00466
2591,chr13,45376563,45383701,0.13169,0.21117,0.12962,0.23833,0.01769,0.00041,0.05073,0.0144,0.01092,0.05342
2594,chr13,47740180,47741559,0.14035,0.04919,0.02053,0.02067,0.02253,0.20876,0.048,0.09881,0.00511,0.0697
2598,chr13,49377265,49379726,0.08566,0.38034,0.1171,0.01098,0.18491,0.00748,0.04375,0.11426,0.34301,0.08065
2601,chr13,49900276,49905974,0.07437,0.38928,0.00293,0.09822,0.17869,0.09502,0.00036,0.38185,0.18303,0.13886
2618,chr13,60741054,60742087,0.23178,0.38908,0.1285,0.11889,0.10944,0.02827,0.04612,0.2381,0.25916,0.00218
2626,chr13,62204195,62208210,0.03704,0.00026,0.09845,0.0,0.03317,0.24922,0.04258,0.11492,0.00035,0.11377
2632,chr13,63838011,63842443,0.20396,0.22568,0.08355,0.07313,0.00039,0.03798,0.03558,0.04601,0.04285,0.00032
2635,chr13,64768295,64770291,0.01207,0.0557,0.06882,0.03223,0.10324,0.02069,0.00458,0.24868,0.15082,0.00545
2643,chr13,66600647,66603289,0.02913,0.1059,0.04022,0.03048,0.20993,0.00071,3e-05,0.29412,0.22146,0.00043
2665,chr13,71734129,71735447,0.00238,0.16357,0.06699,0.01982,0.16223,0.038,0.02931,0.31446,0.07189,0.13601
2667,chr13,71903126,71906438,0.06432,0.17383,0.20958,0.06696,0.30644,0.04073,2e-05,0.53651,0.34563,0.04784
2670,chr13,72233489,72238220,0.07979,0.20908,0.09413,0.1812,0.05912,0.00279,0.05129,0.06494,0.0,0.05781
2671,chr13,72268899,72272771,0.36037,0.08312,0.26011,0.28597,0.12703,0.01285,0.00453,0.06174,0.081,0.00182
2690,chr13,78423474,78424584,0.20486,0.34468,0.01896,0.01843,0.01384,0.11537,0.10984,0.23089,0.21856,2e-05
2693,chr13,80106925,80112211,0.01306,0.03339,0.21715,0.01973,0.00561,0.17549,0.00086,0.10653,0.00228,0.1699
2698,chr13,81231668,81240797,0.16354,0.25895,0.20334,0.20341,0.05226,0.04044,0.01848,0.0,0.01571,0.01229
2722,chr13,86099657,86102111,0.21564,0.28046,0.22161,0.24603,0.02556,0.01965,0.02206,0.0,0.0,0.0
2728,chr13,89596280,89597396,0.16255,0.24192,0.07104,0.2267,0.02088,0.02827,0.0231,0.08881,0.0,0.10061
2732,chr13,90210597,90212552,0.00022,0.16841,0.02898,0.21421,0.16542,0.02913,0.23003,0.05833,0.00215,0.09642
2745,chr13,93488931,93491481,0.01386,0.28825,0.0,0.08913,0.22672,0.00969,0.04485,0.21529,0.12136,0.06539
2785,chr13,108294697,108299459,0.14518,0.2267,0.00881,0.18795,0.02078,0.08347,0.01206,0.15627,0.0011,0.13153
2787,chr13,109765446,109766764,0.24677,0.20838,0.26279,0.36869,0.00658,0.00168,0.02344,0.0149,0.05808,0.01295
2789,chr13,111340143,111341490,0.07513,0.21055,0.04791,0.05724,0.06447,0.00229,0.0012,0.09511,0.08379,0.00018
2793,chr13,112147583,112149376,0.00408,0.03192,0.17406,0.09509,0.05149,0.21342,0.12096,0.06153,0.02055,0.00889
2803,chr13,113314118,113315290,0.03604,0.02752,0.13466,0.00711,0.09447,0.20373,0.0546,0.04623,0.00419,0.06795
2811,chr13,113802582,113803662,0.00307,0.0902,0.07934,0.05514,0.09465,0.13074,0.05091,0.38462,0.01571,0.3043
2815,chr13,113954823,113956052,0.00256,0.02746,0.17353,0.00629,0.04483,0.21082,0.01755,0.07771,0.00703,0.1242
2821,chr13,114083537,114087274,0.04457,0.00059,0.07312,0.1072,0.05136,0.19296,0.01433,0.06022,0.11613,0.3002
2839,chr14,18481558,18498476,0.04276,0.01187,0.07077,0.02224,0.0064,0.20257,0.11267,0.1134,0.05443,0.01373
2864,chr14,22366857,22367959,0.22694,0.01168,0.17716,0.11586,0.15344,0.00144,0.02481,0.11538,0.06068,0.01296
2869,chr14,22636208,22641248,0.38766,0.08527,0.11215,0.11803,0.0911,0.1162,0.07622,5e-05,0.00153,0.00131
2871,chr14,23949054,24031307,0.25131,0.01093,0.22966,0.07712,0.17939,0.00102,0.04021,0.16396,0.0369,0.03137
2911,chr14,35136408,35145862,0.20051,0.25348,0.27962,0.0746,0.00979,0.01157,0.03264,9e-05,0.06903,0.07677
2929,chr14,39629187,39631010,0.10799,0.26941,0.16434,0.09963,0.04825,0.00964,0.0004,0.01538,0.06067,0.01549
2930,chr14,40140622,40148457,0.01924,0.03413,0.23771,0.04037,0.00079,0.10673,0.00158,0.10983,0.00016,0.11781
2962,chr14,46057551,46214266,0.07636,0.1793,0.04423,0.09361,0.28296,0.00293,0.22924,0.22695,0.02318,0.1797
2966,chr14,47760609,47808196,0.11206,0.04148,0.00487,0.06748,0.02959,0.23596,0.01006,0.09468,0.00632,0.16101
2971,chr14,49020572,49023042,0.18039,0.05275,0.12055,0.00626,0.33689,0.00332,0.20759,0.26677,0.01851,0.15316
2975,chr14,50073401,50074940,0.01258,0.07823,0.024,0.03176,0.03184,0.07798,0.09918,0.18544,0.22636,7e-05
2978,chr14,51800632,52201038,0.01337,0.09881,0.12369,0.00963,0.17513,0.0771,7e-05,0.35774,0.14502,0.06682
2983,chr14,54243628,54246967,0.20051,0.00782,0.30444,0.21802,0.13045,0.00782,0.00059,0.20938,0.13444,0.0144
3003,chr14,59874679,59876523,0.11873,0.44539,0.30063,0.04923,0.19689,0.0544,0.0127,0.06622,0.25424,0.11135
3005,chr14,60591336,60592751,0.05258,0.41303,0.22159,0.26121,0.28,0.08607,0.11352,0.09517,0.08581,0.00147
3020,chr14,64893668,64896822,0.18444,0.00721,0.54759,0.07905,0.14174,0.22008,0.02148,0.53464,0.04837,0.31599
3025,chr14,65365907,65368683,0.02343,0.36277,0.09045,0.00082,0.2235,0.02347,0.01365,0.114,0.30937,0.07101
3027,chr14,65602339,65611279,0.10276,0.07351,0.32736,0.04792,0.0061,0.07886,0.01179,0.14832,0.00145,0.16762
3034,chr14,69550275,69555769,0.00374,0.1179,0.00214,0.00205,0.20195,0.01304,0.01302,0.14493,0.14315,1e-05
3058,chr14,75924044,75926170,0.06039,0.0051,0.0319,0.00387,0.03779,0.20329,0.03925,0.07488,4e-05,0.07399
3067,chr14,79639945,79648706,0.48018,0.04551,0.38529,0.2278,0.33814,0.01297,0.10795,0.23793,0.0966,0.04575
3073,chr14,81411879,81414268,0.05764,0.03152,0.1416,0.05024,0.1749,0.04199,0.00014,0.29743,0.16169,0.04767
3088,chr14,84830764,84835811,0.16484,0.27956,0.23467,0.30363,0.02109,0.00074,0.03996,0.01581,0.00439,0.03523
3133,chr14,98317643,98318750,0.00768,0.04877,0.08336,0.05071,0.09484,0.14978,0.02242,0.00805,0.19929,0.29311
3162,chr14,104905195,104906991,0.35069,0.5232,0.31977,0.31992,0.04809,8e-05,0.0021,0.05742,0.07979,0.00138
3163,chr14,104942038,104946661,0.07464,0.01639,0.20515,0.1952,0.15494,0.03781,0.02478,0.34178,0.3397,0.00324
3164,chr14,104946850,104953402,0.00063,0.01536,0.11272,0.02767,0.02528,0.112,0.02208,0.26586,0.10903,0.04607
3208,chr15,24103896,24105374,0.11687,0.20681,0.26427,0.23765,0.02935,0.05907,0.0229,0.00544,0.00137,0.01373
3236,chr15,28413418,28424806,0.04136,0.02893,0.51596,0.13314,0.00729,0.22146,0.00853,0.36714,0.04431,0.18757
3238,chr15,28463200,28585347,0.15039,0.02177,0.14102,0.01015,0.30616,0.00068,0.09168,0.29484,0.064,0.09426
3241,chr15,28692067,28694169,0.24833,0.29284,0.23223,0.25743,0.01264,0.00969,0.01089,0.0,0.0,0.0
3278,chr15,41382480,41383485,0.08594,0.33229,0.00327,0.01551,0.1716,0.07404,0.03003,0.43538,0.26693,0.00603
3311,chr15,49252680,49255653,0.01461,0.04549,0.04326,0.09835,0.1111,0.00861,0.04123,0.18377,0.24359,0.01289
3318,chr15,52010377,52015309,6e-05,0.02905,0.08495,0.00871,0.02681,0.0884,0.00746,0.22723,0.00583,0.14956
3351,chr15,62413893,62415593,0.15897,0.50891,6e-05,0.20627,0.19232,0.12597,0.00653,0.43522,0.12928,0.16964
3355,chr15,63904240,63905341,0.01386,0.22189,0.0,0.0,0.15978,0.00969,0.01089,0.1619,0.17971,0.0
3360,chr15,65523706,65526937,0.06404,0.20577,0.06438,0.06447,0.06009,0.00016,8e-05,0.06405,0.056,1e-05
3361,chr15,65805567,65811308,0.04114,0.07276,0.17824,0.00021,0.00402,0.39346,0.05231,0.47944,0.09024,0.20783
3378,chr15,70729500,70735169,0.15977,0.22568,0.16436,0.17632,0.00791,0.00132,0.00111,0.00282,0.00337,2e-05
3381,chr15,71589230,71590626,0.10904,0.02753,0.20521,0.09244,0.03607,0.01322,0.00223,0.10009,0.02282,0.02944
3383,chr15,72093624,72095817,0.50283,0.26807,0.61822,0.72653,0.08026,0.0292,0.09528,0.17455,0.2885,0.0188
3390,chr15,76592255,76604597,0.04197,0.10904,0.28478,0.1188,0.01435,0.10512,0.01499,0.04458,0.0,0.04868
3396,chr15,77716143,77720241,0.0571,0.30575,0.04593,0.10811,0.1605,0.00223,0.01086,0.16385,0.0992,0.02145
3400,chr15,79256022,79262332,0.10014,0.00664,0.08924,0.00183,0.16099,0.3957,0.1401,0.05714,0.00146,0.0857
3403,chr15,80004637,80007686,0.03271,0.3509,0.02199,0.00045,0.18893,0.0673,0.03455,0.34354,0.31746,0.02495
3410,chr15,82360477,82371388,0.16103,0.01825,0.00874,0.0012,0.14688,0.35244,0.19926,0.07096,0.01198,0.02209
3415,chr15,82882868,82888918,0.01935,0.09147,0.00239,0.067,0.19956,0.00809,0.01783,0.13861,0.29829,0.04805
3416,chr15,83226922,83236285,0.04628,0.00632,0.04279,0.09467,0.0179,0.19188,0.01246,0.07991,0.05355,0.30159
3421,chr15,83872682,83875091,0.04187,0.08385,0.00059,0.05431,0.19956,0.06061,0.00224,0.06261,0.21169,0.08119
3456,chr15,91749893,91750980,0.0226,0.07241,0.07352,0.08616,0.14615,0.02276,0.02678,0.20938,0.23663,1e-05
3458,chr15,92131343,92133840,0.03191,0.0902,0.02292,0.02486,0.20195,0.00062,0.10338,0.21944,0.04826,0.10335
3471,chr15,96718127,96725866,0.22062,0.05414,0.01538,0.05085,0.092,0.14524,0.08692,0.01235,0.0,0.01301
3478,chr15,99031253,99032379,0.04702,0.05434,0.22647,0.15972,0.00018,0.09315,0.03749,0.08466,0.03201,0.02332
3482,chr15,99876456,99883030,0.17112,0.22705,0.30175,0.30301,0.01023,0.03309,0.02633,0.00675,0.00333,0.00083
3486,chr15,100554368,100558404,0.06542,0.09885,0.00698,0.05232,0.00491,0.14898,0.0,0.20085,0.00353,0.11267
3507,chr16,952855,954043,0.04781,0.30139,0.04216,0.02197,0.13571,9e-05,0.00362,0.10714,0.16277,0.00412
3511,chr16,1356771,1364915,0.01697,0.06877,0.24591,0.04164,0.12962,0.34978,0.09939,0.06096,0.00339,0.10654
3520,chr16,3211027,3213572,0.0496,0.0951,0.03513,0.06361,0.01001,0.00065,0.16817,0.01579,0.22187,0.14047
3538,chr16,8057665,8060272,0.10254,0.00182,0.06154,0.04241,0.07224,0.00472,0.25376,0.04013,0.05657,0.21569
3549,chr16,11589877,11591438,0.21823,0.0481,0.23044,0.21326,0.07486,3e-05,0.0,0.08061,0.0729,3e-05
3559,chr16,13200608,13202637,0.04538,0.22668,0.09189,0.07047,0.09534,0.01424,0.00416,0.03843,0.06211,0.00324
3571,chr16,18821202,18827054,0.06991,0.0756,0.03115,0.00054,0.24811,0.00727,0.08469,0.18557,0.06772,0.045
3577,chr16,20501163,20533757,0.00182,0.2754,0.02844,0.10461,0.22217,0.01562,0.0744,0.12218,0.06153,0.01934
3585,chr16,22533873,22535836,0.00134,0.04959,0.20716,0.00216,0.03336,0.17316,6e-05,0.05277,0.03144,0.17288
3586,chr16,23036459,23038210,0.34328,0.06171,0.18495,0.03404,0.15297,0.04015,0.181,0.03912,0.00333,0.06277
3588,chr16,23748999,23750944,0.24838,0.20061,0.2448,0.13077,0.00281,0.00273,0.03154,0.0087,0.01198,0.04734
3598,chr16,25328788,25331806,0.07054,0.21135,0.1192,0.07706,0.05231,0.00559,7e-05,0.02687,0.06001,0.0086
3617,chr16,29381727,29384041,0.0,0.00633,0.09696,0.01667,0.01155,0.14794,0.02327,0.24443,0.06252,0.0421
3639,chr16,48475005,48477465,0.05768,0.26983,0.01916,0.05123,0.09623,0.01091,0.00081,0.17576,0.13563,0.00766
3654,chr16,56581272,56583447,0.08647,0.04334,0.13167,0.00011,0.24475,0.01008,0.08951,0.32009,0.03662,0.14529
3656,chr16,57292499,57294246,0.04827,0.10218,0.07794,0.38835,0.0098,0.00131,0.1922,0.00514,0.12191,0.22371
3657,chr16,57691483,57693934,0.05409,0.05352,0.25815,0.09186,0.00017,0.1139,0.0031,0.12939,0.00527,0.12474
3660,chr16,58613286,58616360,0.0009,0.1609,0.02095,0.01101,0.1646,0.01217,0.01641,0.27524,0.10157,0.06108
3708,chr16,72629816,72631406,0.24176,0.2802,0.22139,0.24579,0.01264,0.00969,0.01089,0.0,0.0,0.0
3726,chr16,76505236,76510127,0.25474,0.65261,0.58713,0.5401,0.22627,0.1732,0.13524,0.00159,0.00975,0.00315
3731,chr16,77056740,77058962,0.15088,0.06442,0.28135,0.15517,0.02638,0.02144,0.00096,0.09608,0.01956,0.03478
3742,chr16,78335958,78351001,0.03087,0.14099,0.21664,0.00905,0.04682,0.34209,0.07124,0.53957,0.23312,0.15506
3755,chr16,81137485,81143703,0.0267,0.01099,0.30128,0.13258,0.00398,0.18267,0.04668,0.23362,0.07725,0.04796
3781,chr16,85732464,85758518,0.14138,0.03613,0.38244,0.0582,0.03768,0.08625,0.02011,0.21501,0.00262,0.17829
3791,chr16,87557036,87565261,0.01422,0.07557,0.15748,0.3869,0.02127,0.08498,0.28375,0.03131,0.20144,0.06849
3794,chr16,87998543,88001333,0.03395,0.14991,0.21954,0.15694,0.05586,0.13023,0.06726,0.01561,0.0005,0.01134
3826,chr17,220051,222127,0.14406,0.00546,0.33351,0.02454,0.06468,0.06448,0.05649,0.18131,0.00343,0.24104
3829,chr17,286935,288865,0.25475,0.00057,0.23112,0.02636,0.25893,2e-05,0.13347,0.24307,0.02213,0.12579
3832,chr17,343924,347257,0.23979,0.28008,0.39288,0.22983,0.00546,0.04116,0.00055,0.01226,0.00941,0.05902
3835,chr17,505441,507072,0.02539,0.21094,0.01255,0.12578,0.12511,0.00299,0.05675,0.16873,0.01625,0.09377
3837,chr17,618151,619269,0.19996,0.02015,0.38989,0.32347,0.10393,0.06957,0.03561,0.28018,0.21778,0.00543
3842,chr17,914143,915532,0.26036,0.4078,0.19845,0.10535,0.03248,0.00301,0.05235,0.05376,0.16233,0.02874
3873,chr17,3831490,3832548,0.25171,0.58282,0.47263,0.45211,0.19976,0.07457,0.05309,0.03819,0.06663,0.00331
3887,chr17,6225743,6229450,0.05478,0.07529,0.30227,0.06547,0.0014,0.12278,8e-05,0.10395,0.00237,0.14201
3894,chr17,7085415,7086650,0.3727,0.32076,0.38476,0.37012,0.01109,0.00655,0.0,0.03243,0.01208,0.00822
3901,chr17,8343293,8344650,0.25798,0.13712,0.17763,0.23238,0.03923,0.01139,0.00155,0.00856,0.02649,0.00504
3902,chr17,8808327,8811944,0.0012,0.08529,0.07819,0.0634,0.06484,0.10844,0.0483,0.23482,0.00114,0.22588
3912,chr17,12442345,12443906,0.01071,0.00134,0.11923,0.18329,0.02013,0.08617,0.14522,0.1459,0.21045,0.01157
3933,chr17,15886243,15890478,0.16707,0.24192,0.05002,0.19428,0.00637,0.03798,0.00125,0.07955,0.00208,0.0573
3956,chr17,20707724,20711252,0.188,0.31323,0.23628,0.26866,0.05525,0.02918,0.0396,0.00351,0.0011,0.0007
3970,chr17,28453367,28456477,0.00676,0.14963,0.0003,0.00078,0.21647,0.00332,0.00328,0.14103,0.18872,6e-05
3986,chr17,31503182,31504280,0.15191,0.20908,0.16184,0.1812,0.02556,0.01965,0.02206,0.0,0.0,0.0
3997,chr17,36781317,36789512,0.0581,0.3049,0.17765,0.15817,0.13543,0.05017,0.0315,0.02377,0.04959,0.00399
4017,chr17,41109619,41132879,0.02055,0.02518,0.13366,0.23562,0.00016,0.06938,0.16288,0.06235,0.15092,0.02973
4019,chr17,41265460,41275765,0.00117,0.04201,0.24757,0.06064,0.04873,0.25636,0.06878,0.09142,0.00202,0.0706
4064,chr17,51546635,51549691,0.12094,0.1744,0.2035,0.2593,0.00675,0.03222,0.06282,0.00984,0.02905,0.00756
4073,chr17,53775426,53783379,0.12891,0.09048,0.38572,0.14392,0.00658,0.12075,0.00038,0.17674,0.0101,0.10816
4084,chr17,57012352,57015452,0.10509,0.038,0.20548,0.02311,0.21808,0.02653,0.02881,0.33491,0.10781,0.10056
4090,chr17,58130151,58136248,0.00066,0.00727,0.18279,0.0014,0.01264,0.15682,0.00015,0.21127,0.01571,0.14511
4096,chr17,59286554,59288345,0.10959,0.20875,0.01631,0.03666,0.01834,0.12001,0.03225,0.19843,0.09645,0.07975
4099,chr17,60334536,60336671,0.08787,0.2329,0.21863,0.16919,0.07817,0.10593,0.03618,0.00741,0.00921,0.03192
4100,chr17,60502487,60503912,0.20041,0.25223,0.19768,0.22021,0.02556,0.01965,0.02206,0.0,0.0,0.0
4115,chr17,68628242,68648251,0.00058,0.0791,0.20521,0.00053,0.06354,0.18865,0.0,0.02191,0.06082,0.18697
4118,chr17,71608175,71610388,0.55526,0.55091,0.44074,0.45737,0.00189,0.02343,0.02258,0.01176,0.01197,1e-05
4155,chr17,79369383,79397606,0.06758,0.0082,0.04357,1e-05,0.04644,0.24528,0.08673,0.11048,0.00919,0.05758
4165,chr17,81503409,81504445,6e-05,0.24429,0.07914,0.02212,0.22714,0.08112,0.01889,0.48499,0.14804,0.18219
4178,chr17,82856192,82861154,0.00724,0.04243,0.12303,0.01475,0.08663,0.22449,0.05361,0.02415,0.00957,0.08165
4189,chr18,119298,146869,0.04461,0.1015,0.35898,0.11296,0.01379,0.16835,0.01659,0.08531,9e-05,0.08344
4214,chr18,5323010,5328256,0.05594,0.03126,0.11158,0.03128,0.16996,0.01224,0.00424,0.27648,0.13381,0.03356
4226,chr18,10220366,10225919,0.16002,0.62301,0.05075,0.27985,0.24873,0.02285,0.01686,0.35524,0.17068,0.07716
4233,chr18,11825628,11829907,0.3286,0.10616,0.23569,0.10252,0.0897,0.00969,0.08927,0.04167,2e-05,0.04233
4247,chr18,14740966,14756360,0.05495,0.00297,0.10733,0.00038,0.08568,0.31801,0.07049,0.08909,0.00126,0.12694
4256,chr18,15395375,15410895,0.10607,5e-05,0.01307,0.00593,0.13878,0.31844,0.10837,0.02207,0.00688,0.07079
4268,chr18,24323398,24324629,0.14706,0.46201,0.09174,0.14714,0.12891,0.00914,0.00019,0.22194,0.15531,0.00782
4269,chr18,24410778,24412083,0.04673,0.02987,0.12682,0.05057,0.12458,0.02649,7e-05,0.21944,0.13685,0.02402
4270,chr18,26167841,26171358,0.16692,0.25463,0.44541,0.42124,0.01037,0.16126,0.11572,0.1149,0.06909,0.01604
4280,chr18,28693035,28698475,0.3021,0.22096,0.15567,0.11313,0.01338,0.02334,0.07309,0.00187,0.02334,0.00994
4316,chr18,40679928,40686785,0.04042,0.03066,0.0001,0.2409,0.00211,0.0332,0.10428,0.025,0.14549,0.21131
4334,chr18,46397539,46398952,0.0572,0.09193,0.10283,0.01313,0.20131,0.26159,0.12913,0.00013,0.03785,0.04757
4343,chr18,49440048,49441156,0.10959,0.28476,0.02502,0.08582,0.06471,0.02858,0.00579,0.14537,0.10578,0.01304
4350,chr18,50343933,50349994,0.17194,0.08769,0.15454,0.20161,0.02726,0.00107,0.02206,0.03012,0.05876,0.01869
4367,chr18,56261795,56263767,0.00295,0.19989,0.00445,0.08616,0.27303,0.02607,0.17969,0.15952,0.04734,0.0705
4369,chr18,57279506,57281486,0.26551,0.2054,0.39881,0.21907,0.00872,0.03442,0.00371,0.07439,0.00102,0.06209
4382,chr18,62005492,62006951,0.04642,0.20538,0.01645,0.14447,0.0753,0.00976,0.03902,0.17485,0.00801,0.11191
4385,chr18,62580517,62581848,0.16844,0.24861,0.00183,0.02414,0.01986,0.27751,0.08529,0.3926,0.16076,0.04913
4400,chr18,66056595,66065125,0.11032,0.02274,0.21322,0.34209,0.03208,0.01526,0.1009,0.09105,0.21352,0.04683
4401,chr18,66099633,66101966,0.23883,0.23341,0.34784,0.35025,0.00173,0.02316,0.02742,0.04025,0.04554,0.00032
4406,chr18,66552466,66554016,0.18862,0.39992,0.22432,0.12573,0.13556,0.01461,0.0075,0.06494,0.17007,0.03721
4408,chr18,67174808,67177131,0.0063,0.00575,0.14101,0.00477,0.02383,0.08549,0.00028,0.21074,0.02575,0.11172
4409,chr18,67188383,67190102,0.23338,0.08529,0.13209,0.03314,0.04972,0.01628,0.1157,0.00809,0.01506,0.0466
4410,chr18,67291776,67300024,0.0529,0.11199,0.01461,0.00098,0.25914,0.01092,0.04403,0.16394,0.12034,0.0094
4432,chr18,73324966,73330281,0.0,0.23181,0.0,0.07979,0.20131,0.0,0.06927,0.16972,0.05742,0.05838
4445,chr18,78437113,78438350,0.10473,0.21594,0.06066,0.05155,0.04018,0.00294,0.01277,0.0516,0.09402,0.00222
4447,chr18,78473273,78475600,0.1268,0.16377,0.17945,0.20042,0.00389,0.04044,0.04529,0.02338,0.02643,0.0
4456,chr18,79014310,79017220,0.00278,0.00034,0.10546,0.01366,0.00378,0.24387,0.06854,0.21586,0.04468,0.08949
4463,chr18,79504758,79505886,0.10304,0.12787,0.22146,0.12984,0.00137,0.0634,0.00363,0.0461,0.00055,0.04386
4465,chr18,79549941,79552106,0.10141,0.2801,0.19097,0.2204,0.07026,0.02983,0.03713,0.00652,0.00587,8e-05
4466,chr18,79618432,79620751,0.05714,0.01518,0.05133,0.00159,0.02819,0.26269,0.07713,0.14866,0.01025,0.09483
4467,chr18,79745246,79746369,0.11517,0.19264,0.08547,0.23835,0.0102,0.00022,0.03402,0.01123,0.00858,0.03341
4468,chr18,79764404,79765589,0.40539,0.40067,0.23877,0.37962,0.00923,0.05569,0.02119,0.03027,0.00261,0.0224
4470,chr18,79885946,79887209,0.19404,0.09252,0.49482,0.31567,0.016,0.20634,0.03635,0.23889,0.08128,0.0899
4472,chr18,79919484,79921892,0.13007,0.27489,0.13872,0.22303,0.06103,0.00144,0.03706,0.05185,0.00277,0.03029
4478,chr19,198343,200323,0.05819,0.39714,0.06752,0.06761,0.1366,0.00084,0.00078,0.18272,0.18818,0.0
4481,chr19,292176,315521,0.02134,0.24456,0.0252,0.03624,0.16703,0.00178,0.00431,0.09369,0.09853,0.00027
4484,chr19,360056,361848,0.1404,0.22012,0.2489,0.1478,0.01367,0.03649,0.0002,0.00685,0.01884,0.0481
4485,chr19,363143,370232,0.11597,0.00663,0.13093,0.01473,0.19491,0.01965,0.08113,0.21577,0.04494,0.12582
4487,chr19,393854,394910,0.14981,0.04401,0.31552,0.20569,0.04047,0.07955,0.00456,0.1892,0.07621,0.07206
4488,chr19,399663,400949,0.12356,0.04558,0.23081,0.08104,0.02402,0.04506,0.00884,0.11127,0.00533,0.09625
4489,chr19,404009,405088,0.00323,0.04499,0.20566,0.08114,0.02127,0.15471,0.04752,0.07002,0.00475,0.04768
4490,chr19,431268,434183,0.1245,2e-05,0.30134,0.01679,0.11332,0.04482,0.0482,0.2849,0.01468,0.18365
4500,chr19,1195044,1198546,0.08662,0.00606,0.17585,0.04238,0.13764,0.0207,0.01193,0.26048,0.08573,0.07897
4516,chr19,2772757,2774005,0.33963,0.17464,0.20011,0.20433,0.08681,0.03693,0.04826,0.01071,0.00685,0.0006
4519,chr19,2928099,2929251,0.03752,0.01257,0.12804,0.00672,0.07991,0.20775,0.01795,0.07891,0.04152,0.21003
4529,chr19,3716045,3717366,0.10874,0.07019,0.20584,0.3474,0.01264,0.01506,0.06366,0.05766,0.14482,0.01455
4534,chr19,3973000,3975078,0.08925,0.00091,0.00178,0.19672,0.07933,0.11194,0.03377,0.00562,0.19001,0.22878
4539,chr19,4511239,4513132,0.42084,0.68534,0.58495,0.47622,0.20431,0.11738,0.02157,0.0144,0.0786,0.03318
4545,chr19,4884998,4888215,0.12643,0.34541,0.19393,0.1613,0.07032,0.00857,0.00175,0.03006,0.05264,0.0029
4574,chr19,8346856,8349597,0.18605,0.04593,0.22159,0.08913,0.06916,0.02514,0.03078,0.12771,0.00801,0.08426
4606,chr19,11928435,11935175,0.14236,0.22027,0.17105,0.16725,0.03876,0.0299,0.00956,0.0,0.01571,0.01229
4609,chr19,12445919,12447502,0.00187,0.06899,0.05639,0.00027,0.08062,0.03601,0.003,0.20119,0.04932,0.05654
4613,chr19,12584060,12588116,0.04234,0.24295,0.18888,0.03455,0.34152,0.04872,0.12393,0.56393,0.12098,0.34253
4614,chr19,12642523,12643680,0.27205,0.06336,0.09394,0.24882,0.09712,0.09673,0.00076,7e-05,0.07934,0.0822
4627,chr19,14621517,14623314,0.10234,0.32952,0.02252,0.00793,0.08643,0.02748,0.04098,0.19403,0.20323,0.00249
4648,chr19,19690435,19691820,0.02744,0.0959,1e-05,0.20694,0.03241,0.02208,0.0943,0.07048,0.00895,0.16943
4662,chr19,21720244,21722765,0.06748,0.21383,0.08392,0.01305,0.04002,0.0009,0.01754,0.02969,0.10593,0.02707
4672,chr19,22925255,22928611,0.22721,0.16748,0.24917,0.20453,0.01397,0.00452,0.00048,0.03387,0.00895,0.00812
4673,chr19,22958054,22960101,0.42261,0.3597,0.37884,0.45398,0.0138,0.00133,0.00267,0.00639,0.0289,0.00836
4678,chr19,23282325,23283970,0.05598,0.38957,0.0582,0.1619,0.24405,8e-05,0.03968,0.3304,0.14315,0.04445
4693,chr19,27340588,27363822,0.04999,0.05867,0.14203,0.02104,0.19223,0.35234,0.13574,0.02186,0.00889,0.06075
4701,chr19,27470455,27472338,0.02514,0.2295,0.01992,0.03632,0.12746,0.00016,0.11397,0.15213,0.3957,0.10721
4718,chr19,29897883,29902193,0.02112,0.01642,0.16442,0.00276,0.00038,0.28679,0.01012,0.26511,0.00633,0.24671
4735,chr19,35170176,35174894,0.05918,0.22323,0.00306,0.0014,0.08855,0.03149,0.03941,0.15209,0.17336,0.00034
4740,chr19,36162664,36164866,0.13716,0.45156,0.0325,0.07539,0.14399,0.04044,0.01017,0.31661,0.21925,0.01034
4744,chr19,36409716,36687040,0.12563,0.37449,0.02182,0.12011,0.06924,0.04577,1e-05,0.23484,0.06864,0.04468
4760,chr19,39873663,39906189,0.05466,0.00478,0.08164,2e-05,0.08823,0.21675,0.04254,0.05969,0.00425,0.0714
4761,chr19,40107182,40109853,0.47985,0.28788,0.39033,0.41238,0.06759,0.00976,0.00517,0.02719,0.03503,0.00058
4772,chr19,41102802,41104285,0.01196,0.18231,0.01497,0.03798,0.21724,0.0423,0.07506,0.09409,0.08503,0.00365
4795,chr19,45399189,45401074,0.06713,0.00877,0.23185,0.2107,0.03099,0.06322,0.04411,0.17582,0.15128,0.00336
4802,chr19,46314067,46315468,0.14943,0.28106,0.01258,0.2045,0.03096,0.17122,0.00662,0.27725,0.0085,0.22588
4812,chr19,50903499,50905075,0.15393,0.04928,0.13212,0.02942,0.30056,2e-05,0.06546,0.27383,0.15557,0.05792
4814,chr19,51629271,51646956,0.07728,0.11402,6e-05,0.00143,0.33663,0.18471,0.13213,0.11308,0.09018,0.00123
4820,chr19,52578961,52580205,0.22993,0.32761,0.29798,0.30406,0.03132,0.06248,0.03941,0.01538,0.00124,0.01229
4842,chr19,54052271,54057388,0.01175,0.00011,0.11477,0.00281,0.01342,0.20004,0.02887,0.10504,0.00168,0.10253
4843,chr19,54217418,54251110,0.11818,0.37653,0.18955,0.25904,0.09424,0.00795,0.03261,0.06399,0.0203,0.01197
4853,chr19,54824669,54867523,0.18715,0.18079,0.13601,0.30133,0.00018,0.00252,0.04816,0.00314,0.02868,0.06989
4858,chr19,55207589,55208972,0.13296,0.24995,0.13107,0.09148,0.02367,4e-05,0.00642,0.02559,0.06132,0.00855
4885,chr19,58523796,58530809,0.24123,0.37706,0.44306,0.35329,0.03176,0.11818,0.02794,0.03856,0.00021,0.05618
4888,chr2,74218,246626,0.12983,0.00357,0.07126,0.00517,0.11588,0.28533,0.06502,0.02244,0.01173,0.08689
4893,chr2,426524,427574,0.1622,0.50294,0.14901,0.33303,0.16941,7e-05,0.04469,0.16714,0.05123,0.04759
4907,chr2,1610827,1611841,0.20027,0.24809,0.30725,0.17782,0.00161,0.03121,0.00179,0.02216,0.00753,0.05418
4908,chr2,1703041,1704474,0.08321,0.26307,3e-05,0.07039,0.09076,0.10117,0.00048,0.34868,0.10593,0.09054
4911,chr2,2003942,2005020,0.08949,0.09677,0.04365,0.03751,0.0,0.23508,0.0298,0.2459,0.0318,0.15165
4919,chr2,3295550,3296569,0.04984,0.00109,0.17706,1e-05,0.04365,0.34688,0.06187,0.21089,0.00097,0.19478
4923,chr2,4165232,4175857,0.00066,0.00727,0.33162,0.05822,0.01264,0.29714,0.04485,0.34627,0.0824,0.16431
4926,chr2,4730184,4739766,0.34395,0.26683,0.34281,0.26368,0.02599,0.00499,0.0235,0.04889,0.0003,0.05159
4946,chr2,9785343,9788919,0.19864,0.37702,0.17037,0.28011,0.04167,0.00167,0.01041,0.09511,0.02079,0.03007
5007,chr2,32866660,32870556,0.21212,0.12557,0.12218,0.10573,0.01846,0.02177,0.02551,0.00028,0.00086,0.00016
5009,chr2,32999395,33002225,0.00841,0.38238,0.05464,0.01363,0.31595,0.025,0.00089,0.17641,0.27918,0.01594
5014,chr2,34298587,34300652,0.10071,0.33259,0.00916,0.01701,0.07293,0.04218,0.03321,0.21934,0.2022,0.00086
5016,chr2,34470765,34511495,0.01327,0.00829,0.1853,0.00704,0.03854,0.35083,0.00138,0.10047,0.02815,0.33525
5048,chr2,41548826,41554142,0.05338,0.00061,0.22342,0.13057,0.04335,0.06753,0.01737,0.20684,0.1155,0.01871
5050,chr2,41746001,41748725,0.00023,0.20388,0.01937,0.01277,0.17888,0.01536,0.00929,0.08531,0.1124,0.00101
5053,chr2,42605104,42606295,0.04673,0.33346,0.17695,0.06858,0.19195,0.05925,0.0017,0.04859,0.1655,0.04445
5077,chr2,48624051,48630813,0.1128,0.0,0.09606,0.23691,0.11052,0.00027,0.0337,0.09519,0.23273,0.02211
5088,chr2,51699446,51700629,0.21273,0.0,0.13,0.10811,0.19746,0.02482,0.05736,0.12171,0.1001,0.00673
5091,chr2,52522553,52558131,0.00032,0.20596,0.32277,0.14385,0.20102,0.34691,0.15091,0.00498,0.00933,0.03153
5095,chr2,53330945,53332649,0.29332,0.39052,0.272,0.30651,0.05226,0.00223,0.00544,0.04274,0.0318,0.0007
5096,chr2,53398624,53400861,0.30866,0.12481,0.32062,0.26116,0.07585,0.00655,0.00351,0.10459,0.04895,0.01999
5100,chr2,54338358,54340332,0.0066,0.23444,0.01386,0.03101,0.18817,0.04691,0.0108,0.38664,0.10932,0.09975
5112,chr2,56425170,56428747,0.13689,0.21422,0.19137,0.23048,0.00958,0.01524,0.01798,0.00157,0.00157,2e-05
5149,chr2,64252473,64257254,0.10591,0.48194,0.09316,0.26315,0.21084,0.0001,0.04438,0.21326,0.08646,0.04884
5173,chr2,71115415,71120755,0.18239,0.22099,0.19034,0.21225,0.0056,0.01965,0.02206,0.00759,0.0086,0.0
5186,chr2,74791906,74799882,0.03319,0.05937,0.18994,0.01304,0.00283,0.35631,0.00738,0.4354,0.02313,0.3644
5198,chr2,77430542,77431894,0.17785,0.24544,0.19198,0.21403,0.02556,0.01965,0.02206,0.0,0.0,0.0
5200,chr2,78074918,78469989,0.38362,0.4098,0.24533,0.39285,0.00029,0.02982,0.00192,0.03022,0.00439,0.04592
5212,chr2,82429794,82555301,0.06373,0.34323,0.09426,0.15314,0.16438,0.00536,0.02963,0.12706,0.05454,0.01114
5227,chr2,90323639,90326426,0.25977,0.15059,0.19891,0.21953,0.00922,1e-05,0.00281,0.00679,0.00354,0.00184
5231,chr2,91477060,91479245,0.15401,0.21638,0.10905,0.18822,0.01078,0.0027,0.00741,0.02429,0.00072,0.02046
5232,chr2,91498434,91530288,0.04375,0.00523,0.02936,0.00102,0.05459,0.23842,0.05421,0.11429,0.00214,0.06496
5260,chr2,97171915,97259771,0.00881,0.00992,0.08765,0.01082,3e-05,0.22219,0.00025,0.21358,0.0001,0.24077
5268,chr2,99487251,99488558,0.13797,0.03737,0.00508,0.00661,0.26026,0.19845,0.18934,0.01475,0.01173,0.00013
5271,chr2,100551972,100560099,0.04175,0.11923,0.04144,0.0992,0.24266,0.21019,0.23101,0.02687,0.00055,0.02007
5286,chr2,107309925,107311432,0.22062,0.37897,0.15029,0.24752,0.0719,0.00825,0.00387,0.12973,0.05125,0.0248
5293,chr2,108691449,108695653,0.00023,0.14534,0.07236,0.06581,0.11727,0.07204,0.06467,0.37695,0.34748,0.0003
5303,chr2,115743632,115745822,0.31401,0.0,0.02271,0.0171,0.29418,0.21352,0.23794,0.0211,0.01571,0.00034
5305,chr2,116836785,116867521,0.05594,0.21997,0.11158,0.08509,0.05821,0.01224,0.00217,0.01743,0.04689,0.00574
5313,chr2,118895741,118901792,0.10931,0.06323,0.21905,0.00883,0.31015,0.0532,0.05544,0.44984,0.11021,0.16612
5337,chr2,126917180,126919696,0.37558,0.44968,0.46422,0.28736,0.00188,0.02225,0.02565,0.01662,0.05157,0.11452
5338,chr2,126961327,126964771,0.05943,0.14099,0.0001,0.03589,0.05226,0.09019,0.00442,0.2381,0.0824,0.0559
5351,chr2,128880845,128888629,0.06771,0.26864,0.1991,0.12566,0.08723,0.0186,0.01099,0.03396,0.03668,0.00035
5379,chr2,131464150,131466240,0.31352,0.43466,0.26805,0.35367,0.08019,6e-05,0.02018,0.05747,0.0318,0.01395
5397,chr2,134008324,134018236,0.06232,0.05894,0.06831,0.00473,0.21628,0.00159,0.09306,0.21118,0.02953,0.09974
5398,chr2,134209129,134212559,0.30202,0.01141,0.20335,0.03133,0.19106,0.01778,0.15632,0.10653,0.00362,0.08224
5405,chr2,135447096,135475800,0.00079,0.02551,0.07918,0.05658,0.01834,0.08149,0.07258,0.01381,0.13296,0.24616
5427,chr2,143168570,143170145,0.1117,0.29896,0.23455,0.25949,0.0537,0.01803,0.01472,0.00988,0.01789,0.00072
5433,chr2,146084081,146087754,0.12015,0.41096,0.20666,0.09997,0.13897,0.01188,0.00045,0.07748,0.14394,0.01646
5434,chr2,146105051,146119295,0.00102,0.27721,0.27935,0.06601,0.26328,0.29285,0.07633,0.00985,0.11164,0.08418
5437,chr2,147183776,147189238,0.02909,0.03637,0.09709,0.11335,0.13,0.04167,0.05035,0.24095,0.26898,0.00034
5450,chr2,150928700,150932721,0.03164,0.01466,0.10566,0.00459,0.08977,0.26019,0.01476,0.05056,0.03711,0.17976
5453,chr2,152810231,152943217,0.34616,0.366,0.31863,0.19618,0.00029,0.00266,0.04246,0.0047,0.05009,0.0262
5456,chr2,154039259,154042662,0.16004,0.06922,0.28196,0.1949,0.03868,0.01045,0.00055,0.09824,0.03728,0.01874
5462,chr2,159102287,159105140,0.2075,0.00653,0.41669,0.15641,0.11244,0.09495,0.00049,0.28717,0.08354,0.0887
5469,chr2,161475756,161477530,0.25342,0.19337,0.11174,0.15384,0.01272,0.04579,0.03092,0.01071,0.00335,0.00276
5478,chr2,165158183,165160234,0.05108,0.04554,0.07687,0.05778,0.17576,0.00886,0.00103,0.20047,0.17918,0.00364
5480,chr2,166689505,166690579,0.42323,0.20982,0.32747,0.10738,0.10132,0.01246,0.18748,0.04235,0.02151,0.11362
5482,chr2,166988442,166994698,0.11749,0.05051,0.07118,0.03447,0.23117,0.01991,0.06117,0.17069,0.13242,0.02002
5486,chr2,169248605,169254652,0.06995,0.23339,0.05875,0.17508,0.07231,2e-05,0.03984,0.07788,0.01571,0.04329
5499,chr2,172689742,172691507,0.07885,0.28884,0.04593,0.08913,0.08396,0.01651,0.00125,0.15118,0.10692,0.01239
5510,chr2,175481940,175487993,0.18838,0.04122,0.19803,0.1111,0.39583,0.00185,0.00961,0.42662,0.28088,0.01863
5514,chr2,176400912,176407312,0.2339,0.13746,0.15981,0.04707,0.03982,0.01226,0.11412,0.00821,0.02919,0.06209
5522,chr2,177946045,177947170,0.33467,0.31361,0.25963,0.19679,0.00127,0.01706,0.03642,0.00882,0.02467,0.00497
5570,chr2,193824777,193834041,0.21123,0.1744,0.17154,0.07811,0.00789,0.00065,0.05594,0.00375,0.0247,0.04262
5574,chr2,194447498,194461635,0.05234,0.0264,0.18368,0.01288,0.1401,0.40531,0.11369,0.08457,0.00219,0.12703
5594,chr2,201281925,201284717,0.03354,0.30243,0.25009,0.19087,0.16361,0.12965,0.07681,0.00292,0.02334,0.01041
5646,chr2,216225207,216228388,0.10738,0.21386,0.00874,0.01127,0.01945,0.14909,0.05446,0.25245,0.1373,0.04308
5653,chr2,218410446,218424867,0.01998,0.29061,0.38383,0.1773,0.17866,0.25021,0.07972,0.00047,0.03721,0.06132
5655,chr2,219187616,219191292,0.01335,0.00688,0.12764,0.05951,0.04295,0.07682,0.02041,0.20055,0.11293,0.02059
5691,chr2,228399628,228403620,0.03442,0.01322,0.03025,0.24533,0.00519,2e-05,0.1253,0.00496,0.16827,0.10815
5692,chr2,228584794,228587346,0.23378,0.24959,0.16713,0.2178,0.0,0.01991,0.0,0.0211,0.0,0.01869
5728,chr2,237542719,237545216,0.00346,0.01906,0.08925,0.00313,0.00364,0.11001,2e-05,0.23078,0.0051,0.12593
5765,chr20,1408499,1410170,0.19989,0.35592,0.0752,0.19872,0.03691,0.0488,4e-05,0.17337,0.04152,0.05126
5769,chr20,2822501,2825763,0.15667,0.02851,0.31038,0.05658,0.05711,0.05224,0.03177,0.1854,0.0044,0.14978
5795,chr20,7418063,7422947,0.00751,0.08712,0.01042,0.05282,0.11085,0.02858,0.01709,0.0471,0.2174,0.09312
5806,chr20,11063940,11080722,0.04241,0.28508,0.02488,0.05525,0.13869,0.00432,0.0002,0.16522,0.13155,0.00758
5831,chr20,16226510,16228464,0.0334,0.06488,0.15031,0.05394,0.17071,0.06165,0.00272,0.32488,0.21144,0.04585
5837,chr20,18209228,18210611,0.02048,0.24037,0.0087,0.00615,0.13076,0.05344,0.0057,0.30805,0.20882,0.03617
5849,chr20,21305452,21308134,0.11113,0.22415,0.09592,0.16673,0.02386,0.00056,0.00653,0.03497,0.00686,0.01312
5874,chr20,32176186,32177337,1e-05,0.33533,0.01409,0.00199,0.46411,0.02319,0.0027,0.32861,0.46888,0.0372
5876,chr20,32723060,32724971,0.06654,0.08657,0.06533,0.00914,0.00155,0.25754,0.1331,0.27136,0.15298,0.04149
5878,chr20,32937682,32941580,0.00744,0.09535,0.03584,0.02144,0.09465,0.09409,0.00627,0.31715,0.06513,0.14157
5890,chr20,34654026,34656451,0.05614,0.00069,0.01261,0.1256,0.0747,0.11412,0.30998,0.00921,0.12831,0.0654
5930,chr20,44698671,44700882,0.24569,0.30096,0.26924,0.27694,0.01158,0.04044,0.01848,0.01538,0.00124,0.01229
5933,chr20,45720211,45750894,0.28201,0.03117,0.22739,0.03632,0.1422,0.00087,0.13819,0.10781,0.00025,0.10734
5936,chr20,47150462,47160055,0.15408,0.14704,0.25176,0.20331,2e-05,0.06013,0.01564,0.04818,0.01395,0.01304
5952,chr20,52142651,52144389,0.03234,0.27595,0.02154,0.17737,0.14528,0.00132,0.06804,0.15521,0.0195,0.08466
5965,chr20,55859554,55865560,0.20808,0.06755,0.1674,0.04089,0.05646,0.0062,0.08004,0.03017,0.00291,0.05409
5984,chr20,61714214,61741659,0.1139,0.24611,0.26237,0.15122,0.0442,0.06794,0.00568,0.00414,0.01787,0.03613
5987,chr20,62057603,62058896,0.04144,0.29262,0.03311,0.18497,0.15385,0.00022,0.07468,0.16035,0.011,0.08101
5992,chr20,62741271,62743419,0.0017,0.05827,0.09716,0.0723,0.081,0.13725,0.08718,0.23133,0.21032,0.02495
5998,chr20,63964806,63966132,0.12176,0.59324,0.14618,0.16417,0.30154,0.00197,0.00342,0.28072,0.27522,0.00017
5999,chr20,64011752,64012864,0.0121,0.20069,0.00382,0.0003,0.12278,0.00189,0.00983,0.15988,0.24325,0.00263
6005,chr20,64217131,64261759,0.31253,0.43166,0.07401,0.10078,0.0231,0.10843,0.10251,0.21094,0.21077,0.00094
6006,chr20,64314319,64327830,0.1281,0.06658,0.23387,0.21069,0.03236,0.02906,0.00958,0.14367,0.10449,0.00965
6017,chr21,13444519,13445832,0.47971,0.28292,0.28683,0.16133,0.06317,0.08131,0.15841,0.00145,0.02864,0.01891
6022,chr21,14088114,14089536,0.17144,0.43538,0.15739,0.19704,0.1676,3e-05,0.00274,0.16935,0.14275,0.00223
6023,chr21,14252818,14257500,0.0455,0.02782,0.18676,0.01234,0.12692,0.37703,0.09871,0.07806,0.00236,0.10362
6025,chr21,15216058,15219132,0.23229,0.37205,0.34637,0.37615,0.03787,0.03098,0.04616,9e-05,0.0008,0.00132
6030,chr21,17240011,17241315,0.33901,0.37292,0.44513,0.41871,0.00114,0.04802,0.01908,0.03759,0.01187,0.00819
6039,chr21,19464613,19471009,0.13277,0.24437,0.20107,0.16251,0.04288,0.04158,0.00627,0.00029,0.01766,0.02002
6051,chr21,22282587,22293679,0.01386,0.20712,0.09394,0.16757,0.15859,0.04597,0.10999,0.07175,0.03305,0.0191
6057,chr21,22803460,22838836,0.02182,0.23781,0.04022,0.06505,0.12405,0.00243,0.01376,0.09504,0.05138,0.00549
6068,chr21,23928817,23935412,0.08997,0.21711,0.06194,0.08578,0.03721,0.00295,7e-05,0.05519,0.03112,0.00364
6087,chr21,28340714,28341803,0.00494,0.24916,0.10187,0.02116,0.1835,0.14068,0.04375,0.40299,0.31683,0.06539
6121,chr21,39103604,39107714,0.03365,0.00167,0.12373,0.00932,0.0254,0.28976,0.08487,0.18341,0.02202,0.08941
6127,chr21,41617304,41618919,0.09587,0.25595,0.05647,0.19814,0.061,0.0131,0.01785,0.11111,0.01585,0.06353
6128,chr21,41930007,41933376,0.03476,0.11105,0.35268,0.17399,0.02138,0.17041,0.04286,0.0755,0.00257,0.06103
6130,chr21,42587451,42590307,0.18687,0.08199,0.02816,0.00462,0.37794,0.06352,0.20318,0.1613,0.03872,0.04637
6133,chr21,43335983,43337542,0.06081,3e-05,0.04358,0.00158,0.05973,0.24212,0.10655,0.04646,0.00208,0.03481
6142,chr21,44950882,44952195,0.15397,0.3092,0.24639,0.24817,0.09465,0.074,0.05091,0.0,0.01571,0.01229
6149,chr21,45968107,45969810,0.41157,0.48016,0.19105,0.36897,0.01445,0.05758,0.00294,0.1096,0.02886,0.03736
6156,chr21,46382005,46384818,0.1604,0.25606,0.2389,0.20161,0.01154,0.01886,0.00353,0.00192,0.00211,0.00709
6164,chr22,10717523,10730243,0.01135,0.01445,0.21346,0.00365,5e-05,0.27583,0.02631,0.30134,0.03165,0.17888
6191,chr22,16852053,16855890,0.17001,0.2101,0.16268,0.18212,0.01264,0.00969,0.01089,0.0,0.0,0.0
6194,chr22,17289460,17298217,0.28227,0.02255,0.33401,0.35211,0.20448,0.00611,0.00426,0.25422,0.2659,0.00029
6217,chr22,23931955,23969108,0.12671,0.53767,0.39,0.40943,0.17762,0.04538,0.07628,0.08458,0.03537,0.00996
6220,chr22,24605032,24606112,1e-05,0.05355,0.01388,0.00653,0.11431,0.02304,0.01334,0.20112,0.05387,0.06478
6225,chr22,26772103,26773829,0.00905,0.21714,0.00638,0.02209,0.13357,0.00014,0.05259,0.15556,0.33607,0.04741
6244,chr22,31380430,31384639,0.01358,0.2797,0.00395,0.15365,0.31729,0.00293,0.21615,0.25871,0.03638,0.16922
6255,chr22,33384460,33387346,0.00356,0.03768,0.06267,0.23691,0.06607,0.0374,0.18656,0.18519,0.35703,0.06791
6264,chr22,36216953,36218272,0.34249,0.30579,0.21245,0.18538,0.01278,0.0303,0.08914,0.00524,0.03685,0.01068
6267,chr22,36747030,36751851,0.16227,0.32989,0.14707,0.05807,0.05371,0.0,0.03095,0.05202,0.15131,0.03034
6278,chr22,38898099,38902679,0.44803,0.04549,0.14803,0.2651,0.2779,0.13706,0.07664,0.03186,0.09933,0.01698
6283,chr22,40398219,40399238,0.18095,0.0369,0.00336,0.00921,0.05495,0.12053,0.21439,0.01546,0.06374,0.02344
6285,chr22,40744109,40746630,0.21202,0.12868,0.12887,0.08847,0.01252,0.0094,0.02934,0.0003,0.00318,0.00562
6295,chr22,42541732,42567708,0.00014,0.18803,0.04499,0.00184,0.11153,0.03155,0.00058,0.36035,0.1269,0.05546
6298,chr22,42705440,42708446,0.24686,0.01976,0.22725,0.26858,0.13975,0.0,0.0032,0.12819,0.16374,0.00295
6313,chr22,44739366,44741639,0.02054,0.06216,0.24072,0.26652,0.01056,0.16975,0.18706,0.12466,0.13905,0.0
6316,chr22,45158837,45161242,0.22101,0.05391,0.20334,0.06944,0.09191,0.00969,0.10999,0.09453,0.00137,0.12582
6317,chr22,45257851,45260929,0.22157,0.15904,0.22139,0.20193,0.02486,0.01965,0.0003,0.05753,0.01947,0.02495
6325,chr22,47383373,47386791,0.00046,0.48798,0.02229,0.13144,0.49524,0.02058,0.13232,0.34291,0.18953,0.04577
6337,chr22,49203219,49212870,0.02917,0.23192,0.14323,0.07704,0.1026,0.02614,0.00967,0.04336,0.05517,0.00272
6345,chr22,50343869,50345691,0.10695,0.00098,0.00202,0.0025,0.18379,0.20499,0.1081,0.00046,0.00975,0.01484
6354,chr3,485479,545097,0.32327,0.32425,0.22527,0.19873,0.00536,0.01285,0.05426,0.00495,0.03783,0.01014
6359,chr3,1323889,1325022,0.16559,0.20312,0.15696,0.17586,0.01264,0.00969,0.01089,0.0,0.0,0.0
6369,chr3,3439361,3441656,0.0047,0.2202,0.00721,0.00569,0.16412,0.02369,1e-05,0.22378,0.16231,0.03192
6378,chr3,5493710,5497593,0.06186,0.10325,0.05724,0.23746,0.01272,0.00013,0.0829,0.01353,0.02753,0.08278
6385,chr3,6608481,6612882,0.07262,0.00727,0.18279,0.01146,0.0835,0.00828,0.03554,0.21127,0.0318,0.109
6391,chr3,8283951,8285124,0.14038,0.20132,0.3506,0.02365,0.01078,0.03877,0.05897,0.00682,0.10537,0.21352
6395,chr3,8679578,8681686,0.25435,0.40621,0.22611,0.32654,0.0411,0.00399,0.00212,0.0655,0.02697,0.01296
6411,chr3,13639682,13640772,0.0739,0.00727,0.23807,0.09111,0.09465,0.05416,0.004,0.2657,0.1073,0.02402
6421,chr3,15803663,15805229,0.00726,0.27916,0.07444,0.01914,0.31425,0.03719,0.00267,0.44721,0.35428,0.02376
6430,chr3,20090218,20107242,0.07115,0.0,0.03599,8e-05,0.09373,0.23591,0.10136,0.04585,0.00011,0.04225
6455,chr3,24704039,24779037,0.31094,0.24228,0.14454,0.07546,0.00537,0.05038,0.10833,0.02032,0.06249,0.01408
6478,chr3,32060558,32066391,0.3153,0.06015,0.37602,0.25867,0.13032,0.01889,0.00676,0.19718,0.08657,0.04699
6505,chr3,41375326,41376918,0.06718,0.0777,0.08848,0.00183,0.22952,0.01965,0.05328,0.23813,0.09001,0.08563
6509,chr3,41774415,41780001,0.07352,0.15443,0.0001,0.01268,0.03876,0.09341,0.03241,0.21127,0.11824,0.0167
6524,chr3,48492350,48496172,0.21406,0.29616,0.2351,0.13668,0.03876,0.0299,0.02126,0.0,0.1001,0.07975
6527,chr3,48920354,48921438,0.17412,0.32548,0.01662,0.25361,0.04489,0.07798,0.02113,0.20339,0.00306,0.15108
6534,chr3,50405938,50407389,0.0,0.28825,0.0,0.0,0.25277,0.0,0.0,0.21529,0.23731,0.0
6558,chr3,58549051,58551597,0.36098,0.2907,0.48417,0.44822,0.01091,0.05206,0.01514,0.09491,0.04964,0.02145
6589,chr3,68585619,68591102,0.00755,0.45213,0.0024,0.07269,0.40209,0.00149,0.03757,0.44364,0.26752,0.05685
6590,chr3,68690530,68698712,0.04109,0.38001,0.03176,0.16448,0.24354,0.00132,0.05569,0.38271,0.08691,0.09632
6625,chr3,77760582,77769678,0.19309,0.20689,0.16005,0.17924,0.0,0.0,0.0,0.0,0.0,0.0
6626,chr3,77776500,77796316,0.07125,0.00684,0.14818,0.00514,0.12431,0.41833,0.11853,0.11504,7e-05,0.13217
6629,chr3,80013748,80015171,0.28582,0.26246,0.20421,0.44731,0.00011,0.00687,0.08927,0.00438,0.08179,0.12629
6632,chr3,80876160,80877453,0.19492,0.10199,0.33103,0.19287,0.02338,0.0455,0.0,0.12027,0.02381,0.04899
6646,chr3,83803964,83806198,0.04739,0.18424,0.00296,0.07048,0.08593,0.03193,0.004,0.21944,0.0824,0.06264
6649,chr3,84055791,84058233,0.09926,0.14536,0.23189,0.15864,0.00874,0.0303,0.00836,0.00503,3e-05,0.00677
6654,chr3,85300376,85357603,0.00029,0.00126,0.19525,0.00025,0.00268,0.2034,0.00113,0.19476,0.00042,0.22505
6753,chr3,98691842,98695939,0.24161,0.23166,0.18209,0.19143,0.00152,0.01789,0.01148,0.00967,0.00504,0.00085
6757,chr3,99224959,99230671,0.12894,0.00727,0.19693,0.04129,0.13696,0.00707,0.04715,0.20849,0.06513,0.09378
6777,chr3,105587149,105592184,0.26016,0.11342,0.15629,0.31016,0.03868,0.0448,0.00056,0.00017,0.05027,0.06122
6781,chr3,106110005,106112772,0.02116,0.07789,0.00219,0.00019,0.20448,0.01068,0.01827,0.15817,0.10781,0.00131
6785,chr3,107319107,107321485,0.04925,0.32582,0.00621,0.19544,0.17577,0.08822,0.07339,0.39566,0.02058,0.26062
6832,chr3,125763521,125770870,0.11327,0.21332,0.07364,0.08756,0.01656,0.00933,0.00504,0.05583,0.04446,0.00089
6834,chr3,125953468,125957533,0.07016,0.22037,0.16035,0.10131,0.0793,0.05058,0.00646,0.0026,0.04342,0.02431
6846,chr3,129324145,129330051,0.10277,0.25895,0.11577,0.22633,0.10944,0.0049,0.09561,0.08772,0.0,0.07831
6847,chr3,129339057,129363433,0.46564,0.22693,0.50355,0.50279,0.10432,0.00037,0.00065,0.12031,0.10536,0.00256
6850,chr3,130628722,130634264,0.01467,0.20254,0.15648,0.0791,0.12195,0.09519,0.02947,0.0002,0.0348,0.02522
6853,chr3,131989409,131994475,0.39394,0.40421,0.2479,0.39239,0.00174,0.07155,0.00211,0.05973,4e-05,0.05589
6862,chr3,133784922,133786238,0.18395,0.27103,0.10682,0.32282,0.01375,0.01917,0.02084,0.06226,0.00037,0.09168
6868,chr3,136302171,136307354,0.50719,0.72526,0.49651,0.41393,0.05738,0.00914,0.03851,0.12181,0.19823,0.01167
6902,chr3,146667459,146672389,0.20608,0.30039,0.08031,0.11998,0.0162,0.03644,0.01455,0.09153,0.05773,0.00528
6913,chr3,149123367,149138129,0.13517,0.28825,0.4321,0.34899,0.0802,0.1327,0.1243,0.00273,0.0062,0.00094
6924,chr3,152593934,152595366,0.08739,0.01117,0.20584,0.18705,0.05103,0.04579,0.04826,0.16025,0.14826,0.00025
6935,chr3,156374381,156375894,0.33202,0.40301,0.19758,0.25326,0.00737,0.0212,0.01377,0.05143,0.04342,0.00166
6940,chr3,158632950,158634122,0.08091,0.21683,0.02837,0.04868,0.05463,0.01391,0.00174,0.10274,0.06252,0.00425
6951,chr3,162794345,162908546,0.04555,0.10808,0.00623,0.01433,0.23103,0.02133,0.01024,0.13925,0.16785,0.00192
6953,chr3,163047111,163051296,0.00784,0.12946,0.00709,0.01473,0.1111,0.03715,0.00165,0.26667,0.09141,0.05475
6957,chr3,164009148,164014518,0.32534,0.5984,0.24671,0.45446,0.12627,0.01118,0.02867,0.25422,0.0611,0.09052
6982,chr3,170344816,170345982,0.1874,0.23174,0.18055,0.20161,0.01264,0.00969,0.01089,0.0,0.0,0.0
6992,chr3,173521482,173573069,0.13526,0.02883,0.14607,0.03027,0.26614,0.00119,0.04609,0.28867,0.12288,0.06128
7020,chr3,183955620,183957311,0.09139,0.11011,0.25821,0.22953,0.00941,0.05778,0.05229,0.00925,0.00986,3e-05
7025,chr3,184753007,184754916,0.1345,0.11336,0.28142,0.09011,0.001,0.06165,0.00567,0.06732,0.00167,0.10622
7040,chr3,189645631,189653110,0.04798,0.11504,0.05913,0.00203,0.25695,0.0035,0.08039,0.25601,0.08661,0.1019
7041,chr3,190019555,190022735,0.10851,0.21552,0.04998,0.11102,0.02202,0.01363,1e-05,0.06683,0.02074,0.01501
7064,chr3,193157540,193167616,0.00495,0.13189,0.27555,0.07375,0.1547,0.31654,0.1019,0.02193,0.01136,0.08004
7069,chr3,194515253,194551366,0.00071,0.30355,0.10067,0.05231,0.28103,0.10948,0.05294,0.1034,0.10154,0.00028
7071,chr3,194672759,194682746,0.18299,0.37826,0.25007,0.18559,0.06819,0.01778,0.00045,0.01403,0.05447,0.01221
7073,chr3,194839891,194847830,0.1132,0.03197,0.1435,0.07254,0.21629,0.00216,0.00639,0.27073,0.18081,0.01651
7075,chr3,195065324,195066722,1e-05,0.23851,0.0016,0.05589,0.25056,0.00176,0.06637,0.25867,0.08439,0.08524
7079,chr3,195775382,195777899,0.15626,0.28316,0.12191,0.19851,0.04637,0.00196,0.00909,0.09324,0.0184,0.02359
7083,chr3,195880480,195881656,0.23228,0.12868,0.2398,0.318,0.03182,0.00238,0.01934,0.04724,0.09546,0.00774
7086,chr3,196047041,196048126,0.03953,0.67456,3e-05,0.03906,0.51682,0.03222,0.00018,0.61668,0.53726,0.03451
7092,chr3,196461437,196462547,0.20652,0.00376,0.32461,0.15689,0.1606,0.03056,0.00543,0.27915,0.11637,0.06162
7096,chr3,197032462,197034667,0.45166,0.27422,0.52788,0.36413,0.02312,0.00638,0.00477,0.04636,0.00682,0.02118
7097,chr3,197207701,197212376,0.1155,0.06922,0.14929,0.34526,0.0124,0.00186,0.1172,0.02388,0.19145,0.08747
7102,chr3,197436093,197438605,0.02261,0.00233,0.14783,0.00089,0.00989,0.26505,0.03239,0.174,0.0057,0.12894
7103,chr3,197517201,197518858,0.0075,0.00043,0.23034,0.04698,0.00433,0.1617,0.01684,0.21039,0.03801,0.08255
7109,chr3,198003586,198005285,0.1025,0.22065,0.05316,0.12255,0.02465,0.0084,0.00011,0.06131,0.02499,0.01276
7118,chr4,127124,133266,0.00329,0.12856,0.00171,0.00584,0.11585,0.01171,0.02282,0.17422,0.21949,0.00127
7130,chr4,1095084,1096535,0.16233,0.24996,0.17403,0.28966,0.01326,0.00325,0.0525,0.00256,0.01964,0.02992
7133,chr4,1427063,1442301,0.09413,0.25541,0.23198,0.22963,0.1113,0.07472,0.08939,0.00802,0.00166,0.00243
7136,chr4,1828271,1829390,0.25195,0.20694,0.23416,0.2076,0.01573,0.00969,0.00653,0.03158,0.00256,0.02495
7145,chr4,3563816,3565024,0.3304,0.77309,0.22916,0.34051,0.28188,0.02217,0.00191,0.42237,0.35471,0.01395
7157,chr4,6649862,6651183,0.4904,0.44609,0.50738,0.41871,0.00881,0.0002,0.01324,0.00643,0.00061,0.01096
7162,chr4,6974951,6980755,0.23511,0.26044,0.26641,0.22068,0.00178,0.01712,9e-05,0.00655,0.00095,0.01304
7164,chr4,7386172,7387374,0.22577,0.01727,0.18878,0.09482,0.12507,0.00202,0.03369,0.09734,0.03211,0.02046
7168,chr4,7994067,7995166,0.11726,0.01009,0.10478,0.24084,0.07533,0.00186,0.0199,0.06695,0.19677,0.04425
7175,chr4,8975214,8998957,0.18684,0.01466,0.01075,0.00287,0.21373,0.17204,0.1392,0.0,0.0318,0.02495
7178,chr4,9156428,9363792,0.08827,1e-05,0.0395,0.00029,0.1137,0.27505,0.11072,0.05616,0.00053,0.04013
7179,chr4,9473491,9475174,0.12594,0.23207,0.1278,0.10835,0.03295,0.00076,0.00205,0.02491,0.05641,0.00622
7183,chr4,9686194,9687692,0.26602,0.19868,0.46421,0.15812,0.0047,0.0823,0.01365,0.10692,0.00222,0.13902
7187,chr4,10209636,10232943,0.03321,0.00178,0.16884,0.04439,0.0525,0.33212,0.14444,0.1561,0.0317,0.04913
7189,chr4,10390810,10400542,0.08263,0.01279,0.23739,0.05352,0.03248,0.02823,0.00352,0.13514,0.01465,0.05579
7210,chr4,16942614,16949120,0.24566,0.29611,0.29861,0.33395,0.00427,0.01002,0.01596,0.00102,0.0032,0.00072
7217,chr4,19077827,19083927,0.08632,0.40305,0.13677,0.15173,0.25421,0.00771,0.05409,0.19405,0.05574,0.03078
7228,chr4,21344620,21383169,0.4333,0.27681,0.40908,0.33852,0.06173,0.02829,0.03055,0.08516,0.01306,0.06812
7264,chr4,31012325,31013350,0.08739,0.45538,0.09394,0.1275,0.26821,8e-05,0.0045,0.24585,0.2184,0.00562
7267,chr4,31819174,31832809,0.04881,0.0144,0.12535,0.00017,0.11623,0.33489,0.05757,0.06962,0.01134,0.13983
7289,chr4,35846389,35854860,0.04827,0.00037,0.19053,0.02145,0.06562,0.11074,0.00477,0.25714,0.03097,0.13081
7317,chr4,42760660,42767525,0.27051,0.328,0.3748,0.35446,0.00624,0.03624,0.01989,0.01187,0.00375,0.0026
7324,chr4,44964209,45004207,0.21318,0.00961,0.10478,0.17596,0.13585,0.02561,0.00333,0.05016,0.10413,0.01156
7328,chr4,46053973,46056178,0.07666,0.20156,0.02224,0.23039,0.03678,0.01996,0.05874,0.10964,0.00304,0.1541
7329,chr4,46200778,46203009,0.07989,0.09573,0.11842,0.52378,0.00225,0.00205,0.28325,8e-05,0.2003,0.32784
7337,chr4,48977102,48993951,7e-05,0.003,0.23759,0.018,0.00199,0.23156,0.01528,0.18788,0.00603,0.14386
7347,chr4,49631822,49655515,0.09756,0.00903,0.02095,0.00997,0.05138,0.22214,0.07537,0.05651,0.0,0.07485
7380,chr4,58021120,58022167,0.19171,0.11493,0.16265,0.2005,0.01497,0.00482,0.0,0.00381,0.01578,0.00559
7387,chr4,59950650,59952183,0.10245,0.01947,0.14331,0.08405,0.19873,0.01307,0.00166,0.24936,0.17735,0.02805
7389,chr4,60464388,60467466,0.50657,0.41291,0.51914,0.2942,0.0454,8e-05,0.11315,0.04545,0.02316,0.12346
7391,chr4,61073471,61076525,0.14205,0.0113,0.36699,0.23684,0.08992,0.10174,0.03014,0.32466,0.18407,0.01553
7393,chr4,61418421,61419560,0.098,0.08958,0.07962,0.00482,0.24819,0.0,0.16602,0.2112,0.05287,0.14225
7402,chr4,63828610,63848660,0.07167,0.08161,0.25372,0.16237,5e-05,0.057,0.03072,0.06704,0.03651,0.00207
7410,chr4,66256348,66257761,0.32336,0.05002,0.12001,0.08578,0.17481,0.06194,0.1243,0.02687,0.00734,0.00755
7412,chr4,66664293,66673544,0.22225,0.08967,0.19476,0.20446,0.04331,0.00025,0.00071,0.03544,0.03475,0.00012
7418,chr4,68509781,68515821,0.00881,0.34217,0.01598,0.17318,0.25402,0.00093,0.10786,0.23628,0.04386,0.09797
7445,chr4,75821834,75823399,0.22384,0.26271,0.20652,0.22976,0.01264,0.00969,0.01089,0.0,0.0,0.0
7456,chr4,78347966,78354041,0.10051,0.28693,0.13768,0.29988,0.05725,0.0,0.0719,0.0621,0.00193,0.08103
7460,chr4,79439474,79441568,0.0,0.12878,0.00329,0.29437,0.12538,0.00366,0.30339,0.14431,0.0378,0.3423
7461,chr4,79966892,79972937,0.34634,0.44854,0.30625,0.27844,0.00434,0.00466,0.01064,0.02108,0.03294,0.0014
7465,chr4,80799789,80800983,0.44219,0.27697,0.42538,0.25833,0.01896,0.0,0.03796,0.01745,0.00192,0.03706
7469,chr4,82008147,82010238,0.29934,0.13867,0.16075,0.33667,0.04752,0.02998,0.00245,0.00259,0.06986,0.05391
7480,chr4,85650145,85651752,0.19614,0.2101,0.16268,0.18212,0.0,0.0,0.0,0.0,0.0,0.0
7486,chr4,87347091,87353146,0.16504,0.41816,0.16321,0.25879,0.1764,0.00065,0.03124,0.21127,0.1001,0.02704
7491,chr4,92934376,92940440,0.33126,0.3271,0.03717,0.16254,0.0077,0.20247,0.07362,0.18403,0.04548,0.06469
7493,chr4,93638288,93644339,0.29376,0.51308,0.20902,0.21861,0.05881,0.02386,0.01286,0.19748,0.13719,0.00132
7503,chr4,97251360,97266253,0.13281,0.01649,0.06048,0.01147,0.06864,0.02145,0.20749,0.01851,0.05251,0.12371
7514,chr4,100678526,100680383,0.18069,0.23895,0.18655,0.20814,0.02556,0.01965,0.02206,0.0,0.0,0.0
7515,chr4,101038996,101040030,0.00292,0.04522,0.06335,0.0702,0.07454,0.04261,0.04706,0.20152,0.19406,0.00029
7519,chr4,102408256,102410890,0.00446,0.06489,0.04256,0.04894,0.03784,0.08411,0.09187,0.22716,0.24134,6e-05
7527,chr4,104830440,104835071,0.10039,0.02615,0.18103,0.23506,0.02394,0.02101,0.04409,0.07844,0.11703,0.00408
7530,chr4,106019310,106022108,0.00216,0.12078,0.10187,0.00015,0.08442,0.12733,0.00091,0.30476,0.09163,0.09676
7540,chr4,107355539,107358347,0.09355,0.07951,0.26866,0.37316,0.00178,0.06932,0.13741,0.09682,0.17749,0.01146
7580,chr4,119085986,119196842,0.32267,0.36129,0.20853,0.30144,0.00427,0.04848,4e-05,0.07486,0.00481,0.04374
7589,chr4,120042408,120043964,0.0053,0.08483,0.07962,0.04409,0.04133,0.09811,0.06476,0.21529,0.18475,0.02495
7590,chr4,120147956,120174080,0.18133,0.24153,0.32417,0.30558,0.00341,0.02339,0.01614,0.0101,0.00521,0.00098
7593,chr4,121361094,121368796,0.02526,0.03255,0.12195,0.00728,0.1358,0.25028,0.00741,0.05525,0.08348,0.1968
7600,chr4,124022397,124024031,0.00139,0.00414,0.03652,0.05069,0.00086,0.03004,0.08254,0.01726,0.08476,0.20752
7615,chr4,129359675,129361781,0.16145,0.23895,0.18655,0.20814,0.03876,0.0299,0.03352,0.0,0.0,0.0
7630,chr4,134512000,134514542,0.00347,0.41408,0.00569,5e-05,0.42579,0.00045,0.00444,0.43024,0.45527,0.00744
7653,chr4,140574424,140582273,0.0571,0.0,0.2241,0.07979,0.05226,0.10097,0.00884,0.21127,0.07371,0.0489
7663,chr4,143832500,144032740,0.15179,0.07008,0.19992,0.20984,0.02721,0.02049,0.01594,0.07788,0.07542,0.00074
7667,chr4,145517654,145519298,0.11621,0.00074,0.30584,0.02899,0.10566,0.07108,0.031,0.3,0.02328,0.1769
7671,chr4,146622054,146684657,0.02524,0.06037,0.29853,0.02199,0.12325,0.3682,0.07291,0.09951,0.00752,0.16172
7678,chr4,148492768,148494974,0.0197,0.03296,0.10025,0.07131,0.00188,0.20125,0.02306,0.22759,0.01072,0.31713
7679,chr4,148505509,148508821,0.0955,0.41352,0.17974,0.22789,0.17889,0.02538,0.05149,0.06807,0.03209,0.00516
7680,chr4,149069426,149071425,0.31071,0.24031,0.23262,0.31572,0.00992,0.01542,0.0,0.00091,0.00996,0.01583
7693,chr4,152069159,152072794,0.028,0.09968,0.02271,0.20708,0.04374,0.00107,0.13038,0.04534,0.02894,0.1261
7717,chr4,158472207,158473593,0.33045,0.60101,0.31925,0.16514,0.12641,0.00034,0.06088,0.11462,0.33822,0.06835
7719,chr4,159093573,159094847,0.07121,0.2461,0.04203,0.08169,0.07439,0.00281,0.00047,0.09545,0.06505,0.00574
7720,chr4,159523533,159524717,0.00548,0.03488,0.2013,0.05724,0.05245,0.20724,0.07583,0.07218,0.00248,0.05888
7724,chr4,160940401,161010707,0.0803,0.05289,0.00524,0.40184,0.0,0.11522,0.16707,0.06341,0.10749,0.47289
7729,chr4,161528123,161530514,0.04525,0.21509,0.04465,0.06061,0.06637,5e-05,0.00124,0.06998,0.04865,0.0019
7742,chr4,165081465,165083903,0.21809,0.2655,0.07174,0.19143,0.0075,0.06061,0.001,0.09519,0.01323,0.04718
7744,chr4,166748189,166749394,0.15703,0.34617,0.16624,0.28981,0.07267,0.00191,0.0478,0.05535,0.00297,0.03444
7745,chr4,166755885,166761920,0.01464,0.16714,0.00333,0.01044,0.09651,0.00406,0.05209,0.12181,0.22331,0.03033
7764,chr4,170355084,170356607,0.01546,0.53202,0.12732,0.2338,0.42743,0.06392,0.14624,0.18822,0.11313,0.01563
7766,chr4,171453260,171458274,0.29473,0.45002,0.2926,0.24697,0.05098,0.00422,0.00021,0.02022,0.04518,0.00504
7771,chr4,172067490,172071780,0.00135,0.2011,0.00413,0.11506,0.24704,0.01171,0.15621,0.15663,0.01461,0.08555
7773,chr4,172503883,172512369,0.17983,0.28796,0.03704,0.12409,0.04288,0.06984,0.01006,0.1792,0.09141,0.03188
7774,chr4,173611908,173614760,0.11274,0.16685,0.16166,0.26535,0.00565,0.0053,0.04713,0.0,0.02243,0.0212
7775,chr4,174704015,174705819,0.06565,0.15194,0.24224,0.02332,0.03214,0.08887,0.00922,0.01204,0.0624,0.13393
7784,chr4,176929951,176931097,0.27574,0.39052,0.31881,0.30651,0.06607,0.0513,0.01206,0.0,0.0318,0.02495
7785,chr4,177045909,177229528,0.08777,0.04687,0.04998,0.06291,0.21797,0.0099,0.00486,0.17052,0.191,0.0011
7792,chr4,178319485,178325279,0.16174,0.2333,0.18184,0.20302,0.03876,0.0299,0.03352,0.0,0.0,0.0
7818,chr4,182649097,182650731,0.01386,0.1488,0.06966,0.32785,0.09712,0.02753,0.25883,0.03015,0.05966,0.15073
7835,chr4,185520481,185522919,0.48377,0.5822,0.62298,0.46445,0.03357,0.09399,0.00024,0.01568,0.02529,0.07771
7840,chr4,186432276,186436622,0.0441,0.22967,0.02509,0.10756,0.08446,0.00168,0.01574,0.10104,0.03072,0.02697
7842,chr4,186625947,186627239,0.05601,0.05997,0.29338,0.11514,0.00161,0.06012,0.00057,0.10791,0.00612,0.07544
7857,chr4,188503811,188508286,0.0828,0.07864,0.07011,0.24409,0.00107,0.00027,0.05986,0.00021,0.08578,0.06775
7872,chr4,189651588,189652645,0.15949,0.06801,0.20686,0.11205,0.09392,0.01337,0.01079,0.19845,0.04627,0.05118
7886,chr5,210605,213467,0.06484,0.34153,0.16246,0.3435,0.20112,0.04743,0.22949,0.06759,0.01821,0.10941
7892,chr5,897138,899957,0.04491,0.01686,0.19929,0.03617,0.07649,0.24486,0.10061,0.0955,0.00281,0.0716
7912,chr5,3637179,3639244,0.17257,0.27802,0.0479,0.15772,0.01462,0.03554,0.00036,0.09224,0.01967,0.02996
7926,chr5,7916933,7920441,0.10944,0.21306,0.01075,0.0377,0.04295,0.11442,0.02678,0.18294,0.10815,0.06539
7932,chr5,10273117,10275318,0.03007,0.20572,0.22626,0.00667,0.32742,0.11128,0.00772,0.6,0.26356,0.16774
7937,chr5,11792445,11856163,0.09365,0.1307,0.35399,0.17778,0.0056,0.26371,0.03499,0.18904,0.01178,0.14606
7941,chr5,12810905,12820411,0.39363,0.0899,0.36061,0.36076,0.18299,0.00021,0.02058,0.16767,0.11746,0.0221
7960,chr5,17435987,17663442,0.05874,0.01774,0.06216,0.00525,0.02472,0.29562,0.04871,0.21443,0.00538,0.17266
7964,chr5,18643233,18648274,0.07387,0.01055,0.25417,0.01057,0.11708,0.5195,0.03482,0.15817,0.03669,0.35202
7969,chr5,19375162,19376287,0.03137,0.15944,0.03266,0.00049,0.29171,0.00013,0.0208,0.30566,0.15971,0.02339
7990,chr5,23902885,23905121,0.00271,0.04718,0.07372,0.00119,0.05658,0.0374,0.00047,0.2096,0.06389,0.06727
7991,chr5,24221813,24280394,0.14786,0.0453,0.5053,0.24971,0.03523,0.20072,0.02236,0.341,0.10558,0.1012
7993,chr5,24370418,24373327,0.00393,0.37494,0.00329,0.03987,0.31425,0.01505,0.01893,0.4003,0.21447,0.07008
8005,chr5,26796589,26801787,0.31558,0.55579,0.32867,0.32027,0.07297,0.00034,5e-05,0.07267,0.08616,0.00073
8051,chr5,39968815,39976563,0.05499,0.02271,0.09009,0.00066,0.01573,0.32149,0.09271,0.2283,0.03814,0.08833
8062,chr5,42165826,42167667,0.02531,0.2086,0.04143,0.16234,0.09546,0.00166,0.06587,0.09333,0.00418,0.06682
8066,chr5,43085710,43088964,0.36026,0.57996,0.32475,0.27813,0.09629,0.00015,0.0108,0.1101,0.16605,0.00824
8150,chr5,50938546,50943630,0.00157,0.12324,0.0224,8e-05,0.14494,0.01142,0.00245,0.30694,0.15806,0.03033
8167,chr5,58027649,58037951,0.05205,0.00371,0.05948,0.0035,0.08669,0.22886,0.08551,0.04079,0.0,0.04267
8171,chr5,60569798,60571944,0.23471,0.20451,0.11291,0.00774,1e-05,0.0322,0.17193,0.0256,0.14044,0.07177
8173,chr5,60705877,60707838,0.24778,0.30212,0.18582,0.01652,0.00015,0.01914,0.15173,0.02922,0.1921,0.10315
8191,chr5,65732256,65734553,0.09698,0.25332,0.04005,0.15735,0.06009,0.01285,0.01514,0.12973,0.01323,0.0546
8195,chr5,67326235,67328746,0.00559,0.2273,0.12865,0.2111,0.14814,0.0709,0.13159,0.02097,0.0033,0.01033
8212,chr5,76790009,76839919,0.00287,0.09554,0.03356,0.10334,0.09283,0.05925,0.14573,0.23109,0.36,0.01619
8234,chr5,82767607,82770334,0.00772,0.19885,0.00033,0.02447,0.24772,0.01008,0.05171,0.21944,0.08825,0.01912
8239,chr5,84652099,84659380,0.18807,0.27685,0.21853,0.24271,0.05226,0.04044,0.04529,0.0,0.0,0.0
8240,chr5,84711450,84819177,0.00923,0.23182,0.2619,0.12454,0.13425,0.14488,0.05625,0.00026,0.02023,0.01863
8245,chr5,86819520,86822041,0.04601,0.33596,0.14571,0.13667,0.17847,0.04309,0.03597,0.04183,0.05324,0.0004
8249,chr5,88083063,88086247,4e-05,0.12678,0.00127,0.04312,0.15876,0.00099,0.04347,0.23641,0.32383,0.0342
8250,chr5,89310408,89311458,0.00579,0.01267,0.08645,0.0009,0.002,0.25139,0.00437,0.27643,0.01275,0.2648
8271,chr5,99009412,99011778,0.00025,0.1265,0.01549,0.02327,0.10473,0.01798,0.01693,0.2227,0.04962,0.0767
8281,chr5,100380704,100392665,0.01714,0.42577,0.14387,0.28684,0.33017,0.07491,0.19868,0.13365,0.03515,0.04088
8303,chr5,106558746,106559852,0.03801,0.063,0.21704,0.1937,0.00204,0.12231,0.08728,0.12727,0.08314,0.02495
8326,chr5,114919379,114925718,0.18789,0.32029,0.1744,0.2303,0.06607,0.00066,0.01206,0.06494,0.0318,0.00756
8340,chr5,118429401,118547262,0.07039,0.23234,0.18419,0.16912,0.0715,0.03571,0.02987,0.01167,0.01244,5e-05
8348,chr5,120526762,120704486,0.19169,0.23454,0.18117,0.1219,0.00375,0.00062,0.0136,0.00125,0.03089,0.01948
8351,chr5,121313817,121316652,0.13497,0.22161,0.17216,0.19247,0.03876,0.0299,0.03352,0.0,0.0,0.0
8355,chr5,122240420,122245113,0.23249,0.25357,0.31203,0.1192,5e-05,0.01782,0.03713,0.01713,0.04264,0.11535
8377,chr5,128071747,128075224,0.05317,0.08134,0.20777,0.18857,0.00122,0.05825,0.04694,0.05384,0.04134,0.00043
8390,chr5,133798996,133800797,0.00923,0.13567,0.02439,0.00734,0.20538,0.00462,6e-05,0.24501,0.1954,0.00551
8395,chr5,135779485,135785023,0.16553,0.0718,0.20431,0.27686,0.03884,0.00017,0.01143,0.05342,0.10665,0.01096
8405,chr5,137686873,137688197,0.02484,0.09756,0.08412,0.00079,0.14975,0.01298,0.01618,0.28079,0.11968,0.06982
8420,chr5,140834776,140859344,0.01478,0.03768,0.08196,0.00252,0.01264,0.15682,0.00653,0.21127,0.0318,0.109
8445,chr5,150823606,150843701,0.12039,0.03858,0.05344,0.0249,0.26436,0.02295,0.05333,0.17011,0.11998,0.00949
8446,chr5,151410172,151413065,0.00805,0.17557,0.00844,0.27325,0.12112,0.00013,0.21888,0.09673,0.01449,0.18548
8447,chr5,151501246,151503431,0.19495,0.29616,0.2351,0.2605,0.05226,0.04044,0.04529,0.0,0.0,0.0
8460,chr5,156048921,156067971,0.25332,0.35633,0.01213,0.29292,0.05226,0.17267,0.01848,0.28151,0.01571,0.22796
8478,chr5,161161792,161163309,0.09872,0.30512,0.04729,0.10269,0.09271,0.00723,0.00012,0.13814,0.09267,0.00946
8484,chr5,162739938,162741008,0.22739,0.29341,0.23272,0.25796,0.02556,0.01965,0.02206,0.0,0.0,0.0
8487,chr5,163434776,163436283,0.09004,0.48608,0.12266,0.0511,0.2942,0.00238,0.00633,0.24166,0.32759,0.0167
8491,chr5,164238002,164239441,0.08082,0.00043,0.27396,0.00287,0.06832,0.09924,0.05052,0.25385,0.0011,0.22198
8508,chr5,170702730,170704517,0.00111,0.3546,0.09177,0.00081,0.2817,0.09194,1e-05,0.5156,0.25772,0.08049
8520,chr5,174213252,174215771,0.00941,0.08151,0.08325,4e-05,0.14125,0.05406,0.0111,0.2766,0.0749,0.10167
8521,chr5,174703016,174705000,0.18504,0.24959,0.19546,0.08912,0.02556,0.01965,0.03694,0.0,0.1001,0.07975
8534,chr5,176870786,176872447,0.02134,0.07455,0.1926,0.00156,0.12295,0.21777,0.0067,0.05705,0.05855,0.1401
8535,chr5,176960578,176963179,0.24637,0.19725,0.09288,0.18672,0.00396,0.05672,0.00824,0.0276,0.00056,0.02457
8536,chr5,177068042,177069272,0.20671,0.32361,0.2619,0.21302,0.03787,0.02918,0.00098,0.00018,0.02751,0.02145
8550,chr5,178394846,178396836,0.00776,0.05053,0.04587,0.08207,0.01841,0.0849,0.04083,0.15897,0.0032,0.23085
8552,chr5,178679826,178686410,0.06254,0.37737,0.25229,0.23962,0.20371,0.07341,0.07767,0.05395,0.04609,0.00046
8553,chr5,178686443,178697300,0.003,0.18231,0.0063,0.00795,0.13357,0.01654,0.0011,0.2568,0.12193,0.02736
8554,chr5,178921361,178926194,0.03008,0.0222,0.14767,0.00439,0.07231,0.04182,0.01235,0.21944,0.04826,0.10335
8566,chr5,180617119,180618439,0.00118,0.00122,0.22659,0.10483,0.0044,0.23625,0.11749,0.20405,0.08444,0.0634
8569,chr5,180948027,181003528,0.0021,0.0568,0.28484,0.00282,0.02617,0.19128,0.00746,0.10051,0.07318,0.32527
8574,chr5,181253074,181254413,0.27956,0.07568,0.2808,0.22516,0.1042,0.00807,0.004,0.12626,0.06772,0.01999
8579,chr5,181383992,181385534,0.15362,0.14001,0.30179,0.25095,0.0029,0.01776,0.01095,0.03897,0.02745,0.00079
8585,chr6,171630,173914,0.01853,0.259,0.05297,0.00393,0.14233,0.09512,0.00452,0.32478,0.1797,0.07049
8590,chr6,666376,667821,0.21112,0.35811,0.19149,0.01735,0.01512,0.00062,0.11185,0.02363,0.22826,0.1023
8591,chr6,675530,677162,0.17493,0.42177,0.10332,0.01033,0.10526,0.0106,0.11597,0.19675,0.38652,0.06098
8608,chr6,5037013,5038941,0.1814,0.31794,0.11529,0.12418,0.05222,0.00624,0.00519,0.0864,0.07501,2e-05
8620,chr6,8337448,8341293,0.00035,0.0951,0.05784,0.04595,0.09113,0.0444,0.03336,0.23278,0.23473,0.00206
8637,chr6,13882318,13883621,0.48892,0.37007,0.37345,0.49036,0.03543,0.06302,0.00594,0.00459,0.01427,0.03812
8647,chr6,16884734,16885862,0.10078,0.20681,0.14953,0.08161,0.04662,0.00914,0.00125,0.015,0.05684,0.01662
8657,chr6,19676085,19677127,0.11857,0.25617,0.08411,0.11216,0.09465,0.00229,0.0,0.13514,0.1001,0.00241
8658,chr6,19764875,19770955,0.31815,0.01967,0.19479,0.22033,0.21046,0.02458,0.02386,0.10452,0.12059,0.00011
8661,chr6,22050711,22054117,0.00187,0.25105,0.14171,0.00704,0.27459,0.11976,0.00158,0.56737,0.32345,0.11328
8666,chr6,23743031,23745717,0.32821,0.27205,0.30783,0.33676,0.0,0.00456,0.00397,0.00359,0.00351,0.01573
8669,chr6,24325133,24327579,0.09096,0.3076,0.04593,0.18828,0.10479,0.02695,0.004,0.18371,0.08137,0.06972
8670,chr6,24811647,24817722,0.3235,0.363,0.17502,0.36766,0.00395,0.04309,0.01192,0.06592,0.00186,0.09389
8676,chr6,26736905,26760242,0.12948,0.29977,0.32403,0.23606,0.03638,0.02306,0.01014,0.00317,0.00978,0.00272
8690,chr6,30814995,30821045,0.27551,0.44431,0.14893,0.29246,0.03273,0.03437,0.0006,0.12907,0.04539,0.03107
8705,chr6,31980532,32046122,0.28181,0.25569,0.40171,0.2919,0.0013,0.02558,0.001,0.03679,0.0044,0.0158
8714,chr6,32810977,32812043,0.0176,0.07477,0.08972,0.27993,0.02532,0.04563,0.2444,0.00495,0.12378,0.06849
8715,chr6,33058941,33060823,0.27618,0.02821,0.30404,0.05512,0.45053,0.003,0.15366,0.51248,0.20613,0.2109
8720,chr6,33970052,33974913,0.20747,0.20521,0.07681,0.0987,0.00089,0.05844,0.02891,0.04601,0.02204,0.002
8729,chr6,34732192,34733341,0.38625,0.25796,0.33657,0.30054,0.05729,0.00234,0.02305,0.03484,0.00854,0.01041
8732,chr6,35384026,35385029,0.20992,0.02244,0.28638,0.21132,0.10481,0.01505,0.0,0.174,0.10677,0.01689
8737,chr6,37883448,37884800,0.36452,0.46675,0.2848,0.33579,0.01831,0.00969,0.0004,0.07267,0.02459,0.0058
8751,chr6,42869821,42871565,0.08909,0.03429,0.03717,0.23926,0.01531,0.014,0.08238,-0.0,0.14327,0.12438
8783,chr6,51874764,51880802,0.0627,0.25223,0.0063,0.0541,0.08853,0.12274,0.00056,0.3801,0.11245,0.12311
8788,chr6,52761479,52762796,0.38418,0.03024,0.02271,0.0,0.2421,0.26857,0.32825,0.00611,0.0234,0.01869
8792,chr6,54064055,54070030,0.27451,0.34017,0.61163,0.2654,0.01181,0.08894,0.0,0.03227,0.01147,0.08765
8798,chr6,55153737,55165794,0.03149,0.03311,0.28378,0.01901,8e-05,0.42087,0.09069,0.44087,0.09649,0.17036
8809,chr6,56893548,56896148,0.19431,0.23254,0.09508,0.37097,0.0006,0.01757,0.06015,0.02679,0.05756,0.13834
8826,chr6,61490509,61496621,0.07016,0.13301,0.0887,0.28205,0.01816,0.003,0.10529,0.00564,0.03504,0.06656
8833,chr6,62887728,62889069,0.18111,0.25301,0.17341,0.13913,0.01103,6e-05,0.00103,0.01158,0.01708,0.00058
8837,chr6,63957114,63958453,0.29897,0.07335,0.25229,0.08526,0.14432,0.01887,0.11045,0.07751,0.00153,0.05391
8846,chr6,65689152,65694793,0.00356,0.20239,0.00807,0.02176,0.15379,0.02208,0.00867,0.1989,0.09114,0.04449
8866,chr6,69412643,69523169,0.05221,0.01231,0.04742,0.00044,0.01927,0.22711,0.05879,0.12918,0.01032,0.08608
8871,chr6,73855023,73910680,0.00032,0.03856,0.23001,0.05388,0.04813,0.28193,0.0708,0.09643,0.00132,0.08439
8876,chr6,74594166,74599503,0.02591,0.07447,0.13097,0.01675,0.17273,0.08174,0.00051,0.31605,0.14036,0.07611
8883,chr6,76387775,76392924,0.34513,0.1877,0.42984,0.27431,0.06296,0.03036,0.01868,0.15443,0.01598,0.09224
8885,chr6,76727509,76749426,0.02509,0.03086,0.18125,0.04495,0.00026,0.2923,0.13289,0.30947,0.14634,0.06122
8894,chr6,78257499,78326758,0.00453,0.0,0.26015,0.03824,0.00341,0.29034,0.05707,0.2354,0.03322,0.09586
8901,chr6,80574001,80583860,0.13517,0.20868,0.09394,0.19428,0.04292,0.00954,0.01505,0.06902,0.00926,0.04262
8904,chr6,80916251,80920946,0.02343,0.17667,0.0031,0.01004,0.27349,0.04515,0.06283,0.1336,0.10877,0.00212
8921,chr6,85998986,86005073,0.04721,0.02653,0.13056,0.14683,0.12806,0.05264,0.05885,0.22537,0.24809,0.0
8947,chr6,94483604,94484618,0.60441,0.16545,0.56618,0.29946,0.27035,0.03575,0.19154,0.16245,0.01752,0.09586
8949,chr6,94624807,94650259,0.14093,0.01176,0.07611,0.0022,0.20421,0.01506,0.17589,0.13297,0.00354,0.11231
8953,chr6,94948473,94950889,0.27132,0.02753,0.37639,0.17457,0.43646,0.04546,0.01825,0.56728,0.32753,0.11346
8956,chr6,95251177,95252916,0.3893,0.13369,0.21174,0.42016,0.09003,0.02266,0.01025,0.01805,0.12806,0.05017
8958,chr6,95939725,95941541,0.10015,0.01517,0.06496,0.00984,0.17915,0.24013,0.15478,0.04865,0.00051,0.06539
8972,chr6,100090029,100091372,0.00774,0.22325,0.02256,0.28158,0.16112,0.00403,0.21138,0.1149,0.00048,0.1588
8985,chr6,103289588,103315010,0.0032,0.14295,0.20697,0.08596,0.09314,0.14441,0.04855,0.00215,0.01247,0.03143
9021,chr6,111903222,111908454,0.44246,0.3038,0.42671,0.38384,0.04719,6e-05,0.00142,0.04902,0.02793,0.00207
9066,chr6,125861898,125866190,0.26184,0.0692,0.05913,0.12156,0.0892,0.15436,0.03466,0.00048,0.01256,0.02193
9075,chr6,128998370,129004437,0.10689,0.26257,0.05556,0.09178,0.08562,0.01134,0.00203,0.1792,0.16605,0.00559
9085,chr6,133020680,133026746,0.05609,0.00325,0.16019,0.0108,0.08314,0.03514,0.02039,0.20339,0.02692,0.11068
9090,chr6,134268536,134273592,0.13601,0.30052,0.07759,0.12923,0.06058,0.01722,0.00026,0.12027,0.04796,0.01951
9098,chr6,136530537,136531785,0.17504,0.22022,0.33205,0.36296,0.00334,0.08991,0.10005,0.06083,0.06842,0.0
9103,chr6,139281461,139286011,0.35469,0.36274,0.22606,0.30225,4e-05,0.03137,0.00121,0.03132,0.00161,0.01674
9154,chr6,151164729,151165802,0.41664,0.40781,0.4582,0.39586,5e-05,0.0,0.01028,8e-05,0.0089,0.0114
9159,chr6,152068854,152071098,0.2043,0.02209,0.12549,0.25062,0.13817,0.01016,0.01134,0.07025,0.19862,0.04152
9160,chr6,152708836,152712654,0.22271,0.41536,0.05837,0.10668,0.0753,0.06816,0.02913,0.26022,0.17771,0.00821
9163,chr6,153637232,153640389,0.06416,0.05298,0.21192,0.01651,0.00069,0.08676,0.01628,0.09123,0.00994,0.15371
9186,chr6,158239046,158240679,0.13072,0.32871,0.2773,0.0336,0.03576,0.03443,0.04084,0.00058,0.173,0.15272
9189,chr6,158931700,158932746,0.01386,0.37608,0.02271,0.15401,0.31082,0.00092,0.10563,0.26205,0.10992,0.08309
9221,chr6,165311177,165318643,0.14247,0.22728,0.15522,0.26237,0.01755,0.00279,0.04433,0.00541,0.00735,0.02344
9227,chr6,166084152,166089101,0.21005,0.20778,0.19341,0.02452,0.00223,0.00969,0.15799,0.01538,0.14301,0.16391
9229,chr6,166585488,166586678,0.37356,0.43282,0.3579,0.38982,0.02556,0.01965,0.02206,0.0,0.0,0.0
9238,chr6,168233776,168237969,0.1253,0.15884,0.26296,0.08268,0.00327,0.09022,0.00715,0.05382,0.01947,0.15316
9240,chr6,168356684,168358782,0.05959,0.07498,0.23405,0.02794,0.00207,0.12406,0.00441,0.07188,0.01057,0.13734
9250,chr6,168846888,168847903,0.0272,0.31127,0.0759,0.00348,0.17002,0.16039,0.0117,0.46705,0.2558,0.12827
9253,chr6,169106198,169121051,0.00396,0.05893,0.22217,0.01696,0.08489,0.28022,0.03697,0.06411,0.01445,0.16757
9257,chr6,169986529,169988630,0.00767,0.1744,0.00626,0.0124,0.13208,0.0344,0.00052,0.29424,0.14093,0.05544
9272,chr7,60024,63692,0.00709,0.28207,0.06148,0.02591,0.19693,0.02558,0.00477,0.08881,0.15848,0.01022
9274,chr7,116579,124487,0.20242,0.11244,0.0001,0.03108,0.03527,0.20826,0.08692,0.11362,0.02181,0.03019
9277,chr7,220925,222073,0.05981,0.0017,0.02421,0.0913,0.06922,0.13603,0.2048,0.0109,0.06379,0.03603
9278,chr7,224016,225979,0.01741,0.0861,0.10911,0.10889,0.18979,0.23479,0.23472,0.00627,0.00325,0.00078
9287,chr7,1115477,1117590,0.13039,0.2434,0.18,0.17368,0.03364,0.01859,0.0089,0.00171,0.00851,0.00248
9289,chr7,1145428,1148018,0.01079,0.3217,7e-05,0.09299,0.22611,0.01198,0.04036,0.32873,0.09774,0.10051
9307,chr7,3402634,3430251,0.13311,0.33973,0.2265,0.13308,0.08548,0.02801,0.00014,0.02722,0.0783,0.02454
9312,chr7,4041632,4042664,0.27314,0.33656,0.23965,0.10102,0.00354,0.0007,0.04517,0.00827,0.07386,0.0362
9313,chr7,4118605,4120684,0.00225,0.04565,0.06571,0.08654,0.03876,0.08359,0.10655,0.1634,0.20104,0.00025
9321,chr7,4802271,4803412,0.06808,0.26455,0.07541,0.00152,0.06153,6e-05,0.07333,0.07725,0.25603,0.08501
9333,chr7,7067222,7068798,0.07784,0.04756,0.16058,0.03193,0.21046,0.01427,0.01243,0.35189,0.15092,0.06258
9336,chr7,7543884,7545257,0.3689,0.37969,0.37753,0.24084,0.00032,0.00251,0.03548,0.00103,0.04086,0.05418
9347,chr7,9595004,9596347,0.02263,0.25165,0.20013,0.14158,0.15188,0.11194,0.06047,0.0055,0.0329,0.01177
9351,chr7,10464672,10466506,0.06336,0.40857,0.2023,0.3884,0.22968,0.06261,0.2223,0.06695,0.00011,0.06656
9372,chr7,16132148,16134447,0.11695,0.30793,0.07109,0.41066,0.06395,0.00912,0.13608,0.12039,0.01489,0.23397
9373,chr7,16197471,16198724,0.08336,0.08008,0.06753,0.00301,0.23117,0.0,0.09423,0.19606,0.09959,0.07975
9388,chr7,20438010,20499511,0.02519,0.11107,0.1532,0.02714,0.19251,0.26105,0.08881,0.00339,0.02584,0.05083
9416,chr7,29636376,29646400,0.12953,0.26587,0.10909,0.17238,0.09465,3e-05,0.01517,0.11111,0.04826,0.01723
9421,chr7,31275913,31279339,0.02006,0.16068,0.00085,0.02006,0.09091,0.0326,0.0,0.20028,0.09203,0.03468
9424,chr7,31550979,31552381,0.08909,0.29781,0.25372,0.14392,0.11519,0.06372,0.02001,0.01075,0.03737,0.00908
9426,chr7,32350539,32353500,0.38902,0.29421,0.25008,0.16773,0.03496,0.02133,0.07932,0.00048,0.01649,0.01799
9435,chr7,38250393,38364610,0.18437,0.1803,0.20427,0.0854,0.00109,0.00118,0.02353,0.00483,0.01675,0.03646
9481,chr7,52662375,52677559,0.01616,0.10879,0.06918,0.00961,0.05264,0.14488,0.05589,0.2547,0.1704,0.03767
9496,chr7,55741433,56375146,0.01378,0.00493,0.20868,0.01909,0.03453,0.27956,0.06244,0.1735,0.00531,0.12988
9500,chr7,56584786,56591671,0.1479,0.58501,0.31367,0.36959,0.34257,0.07433,0.10467,0.15525,0.14634,0.00174
9503,chr7,56811412,56827951,0.18307,0.02627,0.23365,0.14256,0.08392,0.0031,0.01964,0.0855,0.0374,0.01295
9514,chr7,57898009,57899701,0.16593,0.01606,0.10862,0.00866,0.26402,0.00637,0.0934,0.20372,0.04501,0.0553
9515,chr7,57906082,57915472,0.0192,0.235,0.08095,0.18356,0.14132,0.02769,0.10338,0.04404,0.00267,0.02513
9523,chr7,57980485,57982265,3e-05,0.3956,0.02114,0.15631,0.38251,0.02058,0.14817,0.2302,0.04239,0.06311
9524,chr7,57983121,57985187,0.07085,0.07486,0.00332,0.00193,0.23073,0.04744,0.07203,0.09322,0.03854,0.00846
9529,chr7,58033193,58043380,0.0085,0.00028,0.20993,0.00135,0.00633,0.23772,0.01303,0.23707,0.00272,0.15515
9547,chr7,66078949,66102316,0.03427,0.21506,0.05628,0.24566,0.0801,0.00202,0.1095,0.06516,0.00458,0.10056
9551,chr7,66392654,66395117,0.04443,0.19112,0.07157,0.245,0.04874,0.00182,0.09453,0.04186,0.01489,0.09861
9554,chr7,67232498,67234304,0.01374,0.18567,0.0536,0.00102,0.14821,0.02256,0.00876,0.06906,0.21197,0.05799
9556,chr7,67290330,67291613,0.01358,0.07047,0.05619,0.00728,0.03876,0.11699,0.03713,0.21944,0.1073,0.02129
9572,chr7,71746913,71747971,0.06637,0.04959,0.20253,0.12245,0.00118,0.04102,0.01493,0.05528,0.02379,0.00475
9583,chr7,77072921,77078800,0.08739,0.01117,0.2241,0.03455,0.05103,0.06827,0.02018,0.18186,0.00851,0.13153
9599,chr7,81812189,81813227,0.39928,0.18021,0.30403,0.03265,0.08141,0.00802,0.25253,0.03607,0.06327,0.17677
9607,chr7,83420853,83421877,0.023,0.04636,0.16573,0.10846,0.13264,0.07171,0.0352,0.38256,0.26693,0.00549
9628,chr7,89387482,89453761,0.02095,0.23318,0.10267,0.08416,0.11027,0.16856,0.01813,0.43295,0.04631,0.30639
9633,chr7,90181093,90183285,0.00989,0.06475,0.04387,0.01725,0.02695,0.11057,0.00121,0.24923,0.01804,0.14696
9674,chr7,99863766,99865939,0.20621,0.28177,0.22273,0.21525,0.02556,0.01965,0.00261,0.0,0.01571,0.01229
9677,chr7,100308717,100315029,0.00259,0.04267,0.1042,0.03247,0.06832,0.07773,0.01699,0.25234,0.14634,0.02516
9681,chr7,100729949,100743093,0.18327,0.04456,0.0069,0.18948,0.07121,0.27283,0.0023,0.0828,0.08326,0.28741
9684,chr7,100991258,101004230,0.01847,0.00064,0.15342,0.00533,0.02074,0.42016,0.00353,0.29287,0.00393,0.26501
9686,chr7,101357968,101362207,0.49534,0.10142,0.35168,0.37056,0.2673,0.09226,0.01713,0.09677,0.15426,0.02344
9688,chr7,101415876,101416985,0.03476,0.03768,0.25662,0.08108,0.09674,0.09445,0.00428,0.37604,0.19559,0.07424
9691,chr7,102081398,102084722,0.07561,0.00578,0.19807,0.0127,0.10769,0.04816,0.02667,0.23109,0.03503,0.12409
9694,chr7,102711268,102733871,0.13497,0.22161,0.05724,0.19247,0.03876,0.02329,0.03352,0.11111,0.0,0.09946
9703,chr7,104824154,104836101,0.00198,0.10987,0.02923,0.00051,0.1334,0.02069,0.00466,0.20707,0.09018,0.04355
9752,chr7,120650210,120651333,0.10018,0.30197,0.09771,0.12409,0.10911,0.00107,0.00348,0.07556,0.07566,0.00049
9768,chr7,126654756,126658479,0.19756,0.30962,0.26237,0.26155,0.03633,0.00655,0.00285,0.01255,0.02169,0.00105
9770,chr7,127574914,127577926,0.27872,0.70194,0.41126,0.49955,0.31781,0.03575,0.04748,0.15605,0.18039,6e-05
9800,chr7,135024814,135028410,0.01386,0.20969,0.0,0.16757,0.15314,0.00969,0.10999,0.15235,0.01406,0.12582
9842,chr7,147656146,147666470,0.24542,0.01777,0.05354,0.03307,0.30374,0.09759,0.12332,0.1336,0.09311,0.00219
9859,chr7,150150553,150152039,0.11306,0.31226,0.15857,0.32856,0.10699,0.00752,0.09062,0.05833,0.00482,0.04412
9863,chr7,150603940,150609354,0.21001,0.05751,0.03726,0.05574,0.06941,0.07689,0.05774,0.00139,0.00011,0.0021
9865,chr7,151533111,151534757,0.32588,0.12796,0.45435,0.15703,0.0567,0.05987,0.05395,0.15945,0.00089,0.19814
9869,chr7,152388830,152391618,0.07209,0.02255,0.25203,0.10811,0.02078,0.06986,0.00441,0.15817,0.04368,0.03986
9870,chr7,152395539,152401117,0.00441,0.03593,0.15721,0.02916,0.06566,0.21477,0.05644,0.07853,5e-05,0.07838
9874,chr7,152531127,152553251,0.18401,0.47021,0.04935,0.21466,0.10078,0.03971,0.00127,0.23858,0.08254,0.05632
9876,chr7,152584607,152587220,0.04715,0.09136,0.25901,0.00697,0.00226,0.0973,0.02138,0.10211,0.05216,0.22601
9877,chr7,152877677,152883221,0.23281,0.18057,0.16727,0.2233,0.00942,0.00644,4e-05,0.00049,0.01017,0.00758
9880,chr7,153263452,153758150,0.1547,0.27368,0.21336,0.21086,0.01769,0.00647,0.01152,0.00306,6e-05,0.00151
9882,chr7,154057183,154063732,0.08916,0.06455,0.20145,0.02167,0.00283,0.03042,0.01872,0.05091,0.00792,0.0891
9886,chr7,154456726,154457985,0.10816,0.29438,0.00574,0.11117,0.09131,0.07664,0.00071,0.28927,0.06751,0.08344
9889,chr7,154600191,154608083,0.35569,0.47087,0.09158,0.36551,0.03044,0.13786,0.00018,0.24637,0.03722,0.14858
9896,chr7,155406968,155408700,0.00039,0.29133,0.04945,0.13801,0.27944,0.04274,0.12783,0.12973,0.05125,0.0248
9923,chr7,158087630,158090185,0.15913,0.26978,0.19201,0.14366,0.01898,0.00442,0.00506,0.00442,0.0518,0.02265
9929,chr7,158417001,158418760,0.20626,0.32402,0.00059,0.24025,0.00406,0.19779,1e-05,0.32434,0.00459,0.25056
9942,chr8,146291,147872,0.12679,0.19518,0.43454,0.22233,0.01599,0.14352,0.01841,0.05767,0.0,0.06575
9947,chr8,644400,649414,0.00501,0.00246,0.19943,0.07165,0.01602,0.27373,0.1191,0.23133,0.06622,0.09215
9951,chr8,1013587,1017647,0.03305,0.33586,0.04523,0.17087,0.18286,0.00236,0.06078,0.12485,0.0374,0.03324
9953,chr8,1073858,1079762,0.03988,0.34526,0.02626,0.02768,0.20581,0.00064,0.00118,0.21438,0.24303,5e-05
9959,chr8,1350696,1352277,0.11675,0.2166,0.12375,0.06645,0.02296,0.00127,0.00837,0.01809,0.06036,0.01664
9966,chr8,1627666,1628696,0.01249,0.17295,0.0114,0.00064,0.13737,2e-05,0.02278,0.12694,0.24244,0.02226
9990,chr8,4265367,4267440,0.17719,0.18224,0.37292,0.39179,5e-05,0.07615,0.0659,0.07177,0.06169,0.00223
10000,chr8,5870498,5871823,0.07869,0.58402,0.04164,0.15499,0.35321,0.01025,0.00526,0.41605,0.325,0.03757
10006,chr8,6933348,6940517,0.20077,0.0572,0.16904,0.0746,0.05209,0.00014,0.02823,0.04008,0.00245,0.0214
10009,chr8,7134140,7137880,0.09217,0.31472,0.18882,0.24589,0.10035,0.01911,0.05095,0.03623,0.01045,0.009
10034,chr8,16343800,16350020,0.32949,0.28425,0.36969,0.31641,0.00575,0.01484,0.00036,0.03438,0.00358,0.02321
10049,chr8,18597101,18598434,0.02744,0.15582,0.03747,0.25275,0.05342,0.00107,0.14646,0.04555,0.06475,0.17519
10077,chr8,25209162,25213136,0.2424,0.09477,0.34251,0.10989,0.04946,0.0336,0.03356,0.13602,0.00144,0.11709
10102,chr8,32822487,32833744,0.02128,0.05855,0.28789,0.0477,0.12991,0.41833,0.11853,0.10756,0.00036,0.13217
10138,chr8,42332913,42336876,0.67736,0.55934,0.65234,0.44335,0.02087,0.00013,0.10314,0.02105,0.02733,0.10119
10139,chr8,42520414,42522789,0.13717,0.28602,0.33234,0.33824,0.04146,0.06917,0.07527,0.00409,0.00615,0.0002
10171,chr8,46494223,46496288,0.33618,0.43535,0.52329,0.24061,0.00484,0.02166,0.02668,0.00735,0.05986,0.10852
10188,chr8,49517939,49628989,0.04694,1e-05,0.13327,0.00239,0.03574,0.22202,0.05591,0.09989,0.00207,0.09537
10197,chr8,52552364,52957239,0.0581,0.00262,0.07295,0.00386,0.07525,0.24308,0.03364,0.04379,0.0118,0.12648
10199,chr8,53209991,53211087,0.00908,0.01148,0.00394,0.2157,0.00013,0.02753,0.25158,0.03158,0.26693,0.15088
10214,chr8,57203767,57215875,0.01806,0.04894,0.1454,0.05609,0.12346,0.28622,0.12865,0.03323,0.00146,0.01674
10218,chr8,57522559,57523810,0.08354,0.11583,0.25428,0.18192,0.00312,0.07362,0.02935,0.04954,0.01439,0.011
10242,chr8,65179557,65182432,0.25088,0.28825,0.22829,0.21189,0.01264,0.00969,0.00653,0.0,0.0318,0.02495
10256,chr8,70671320,70672408,0.00999,0.14564,0.04551,0.03644,0.09267,0.09588,0.01018,0.31544,0.03833,0.15018
10272,chr8,77919364,77928085,0.09036,0.27312,0.05311,0.01272,0.07611,0.00412,0.03637,0.11442,0.19226,0.01619
10277,chr8,81132782,81134430,0.2762,0.38483,0.13526,0.20776,0.01793,0.03794,0.01153,0.1024,0.05846,0.00943
10281,chr8,82090204,82093444,0.21485,0.01998,0.12283,0.08005,0.09512,0.01982,0.03514,0.03544,0.01713,0.00342
10293,chr8,86087495,86088582,0.14033,0.20841,0.16129,0.1806,0.02556,0.01965,0.02206,0.0,0.0,0.0
10303,chr8,90135622,90204938,0.00014,0.04089,0.1204,0.07586,0.03545,0.13482,0.08322,0.26065,0.1989,0.00777
10306,chr8,91103279,91173391,0.15531,0.0285,0.0157,0.03577,0.06142,0.06615,0.26242,0.00086,0.11086,0.0875
10326,chr8,95862997,95867362,0.20207,0.33535,0.07735,0.24083,0.09465,0.04182,0.01517,0.1869,0.04826,0.08963
10329,chr8,96508477,96509687,0.03892,0.03895,0.12378,0.01688,0.14102,0.02614,0.00391,0.28245,0.09987,0.04959
10389,chr8,111281822,111284910,0.06704,0.00266,0.37636,0.02728,0.09716,0.21398,0.01024,0.43693,0.04904,0.29795
10408,chr8,116678863,116680187,0.11363,5e-05,0.41085,0.36723,0.11065,0.10766,0.08601,0.40729,0.35961,0.00162
10411,chr8,117861618,117863325,0.00804,0.00021,0.3613,0.07596,0.0056,0.2923,0.03694,0.34118,0.06677,0.16368
10415,chr8,119142303,119148976,0.15254,0.29544,0.02369,0.02131,0.07841,0.08011,0.09182,0.26367,0.27461,0.00031
10436,chr8,128738979,128753780,0.08314,0.40561,0.01116,0.15468,0.15765,0.13183,0.00856,0.4586,0.11575,0.23656
10442,chr8,130049029,130050282,0.00059,0.09336,0.03285,0.01355,0.08777,0.01964,0.01598,0.21025,0.02543,0.07487
10443,chr8,130838503,130840490,0.37936,0.27209,0.12616,0.46965,0.0354,0.07715,0.05048,0.01599,0.14614,0.18401
10450,chr8,134070670,134076772,0.13193,0.31526,0.04335,0.18507,0.05373,0.0414,0.00733,0.23275,0.02157,0.09553
10459,chr8,136147952,136151655,0.01251,0.33794,0.0235,0.02418,0.26326,0.06356,0.00218,0.44313,0.23432,0.08563
10462,chr8,136668039,136850125,0.28576,0.3641,0.53266,0.40204,0.00806,0.09471,0.02333,0.05096,0.00444,0.02687
10473,chr8,139747470,139748475,0.21732,0.12253,0.18192,0.17987,0.01816,0.00052,0.00242,0.01187,0.00795,0.00068
10476,chr8,140622258,140623327,0.05971,0.01436,0.22524,0.13652,0.01351,0.10496,0.02474,0.1423,0.06181,0.04214
10500,chr8,143551894,143554069,0.04886,0.52609,0.17174,0.11944,0.37962,0.04896,0.01699,0.20866,0.29316,0.01022
10520,chr9,320127,322469,0.01339,0.24699,0.04658,0.19503,0.1277,0.00926,0.09432,0.06707,0.00239,0.04542
10523,chr9,509269,748868,0.3858,0.29545,0.27155,0.34375,0.0124,0.00935,0.0,0.00011,0.01058,0.00799
10542,chr9,5641632,5642810,0.10041,0.28046,0.12305,0.19587,0.08593,0.00408,0.03223,0.08772,0.0318,0.01906
10546,chr9,6378334,6382451,0.0131,0.04089,0.21505,0.05019,0.09808,0.35008,0.11755,0.08864,0.00075,0.08116
10574,chr9,11907394,12111461,0.07417,0.00624,0.14986,0.01107,0.12276,0.43326,0.14106,0.10995,0.00091,0.09651
10575,chr9,12556833,12559646,0.00026,0.02369,0.28211,0.27633,0.02101,0.33893,0.32478,0.45231,0.44236,0.00192
10595,chr9,17909419,17912882,0.54389,0.74819,0.38406,0.61953,0.14806,0.01956,0.02116,0.20769,0.08379,0.07027
10605,chr9,19671770,19673476,0.27921,0.33973,0.14433,0.2365,0.02556,0.05844,0.00507,0.13514,0.04826,0.03007
10612,chr9,22090524,22096464,0.29958,0.2704,0.3191,0.31016,0.00436,0.04044,0.00544,0.04382,0.0156,0.02495
10614,chr9,22496527,22504341,0.1515,0.10243,0.39281,0.37429,0.00487,0.10756,0.07777,0.14654,0.11619,0.00547
10616,chr9,23362803,23377685,8e-05,0.1136,0.26703,0.03763,0.11492,0.29065,0.04274,0.03436,0.02027,0.11046
10639,chr9,31291357,31292674,0.15439,0.33495,0.01462,0.46096,0.03248,0.06955,0.12256,0.20482,0.04841,0.34647
10666,chr9,38863132,38874496,0.06772,1e-05,0.18224,0.01758,0.08456,0.47448,0.16072,0.21104,0.02053,0.09845
10701,chr9,68322146,68324558,0.00329,0.05056,0.26939,0.08358,0.03116,0.26223,0.06406,0.11452,0.00307,0.10896
10704,chr9,69280395,69281700,0.03954,0.37291,0.14738,0.02883,0.23581,0.04579,3e-05,0.08885,0.21598,0.04161
10728,chr9,76940843,76943185,0.00101,0.1218,0.03467,0.00922,0.15437,0.02565,0.01721,0.25385,0.09141,0.07909
10743,chr9,81353002,81355768,0.00107,0.03772,0.1064,0.22456,0.05905,0.10736,0.23188,0.29259,0.43555,0.03714
10755,chr9,85153210,85183695,0.02058,0.1569,1e-05,0.07736,0.0835,0.02133,0.02303,0.21944,0.04826,0.10335
10761,chr9,86107306,86109672,0.03255,0.12147,0.15547,0.01013,0.26378,0.05911,0.08257,0.48185,0.09072,0.26655
10792,chr9,93708072,93709182,0.00013,0.08774,0.00094,0.25366,0.10481,0.0026,0.33875,0.10674,0.0722,0.31951
10793,chr9,93737878,93740767,0.00027,0.03874,0.02482,0.09113,0.04087,0.01936,0.09494,0.11536,0.01226,0.21562
10801,chr9,96632629,96634591,0.15765,0.23174,0.18055,0.20161,0.02455,0.01888,0.02119,0.0,0.0,0.0
10805,chr9,98546761,98549382,0.18532,0.34621,0.1975,0.07618,0.05044,0.00029,0.03073,0.04419,0.14196,0.03967
10816,chr9,101952561,101962199,0.16683,0.2352,0.25037,0.16757,0.01919,0.0082,0.00661,0.00245,0.04564,0.03188
10818,chr9,102790373,102792407,0.09359,0.28615,0.0,0.0,0.05763,0.06704,0.07482,0.21356,0.23545,0.0
10845,chr9,110262500,110267684,0.329,0.66351,0.23807,0.36781,0.16308,0.06056,0.00048,0.36344,0.14941,0.07677
10866,chr9,114319730,114321101,0.02564,0.19568,0.07759,0.23725,0.0991,0.01455,0.1358,0.04234,0.00434,0.07069
10889,chr9,126208794,126216161,0.36291,0.33338,0.30021,0.36739,0.00521,0.00229,0.00149,0.00056,0.01173,0.00758
10894,chr9,126758160,126760966,0.196,0.30467,0.17981,0.22767,0.01375,0.00649,7e-05,0.03885,0.01214,0.0086
10896,chr9,127419339,127423797,0.24354,0.20522,0.05647,0.06975,0.02424,0.11066,0.10767,0.06155,0.05397,0.00085
10902,chr9,128138464,128139851,0.21711,0.13967,0.26988,0.12668,0.02427,0.03245,0.03529,0.09195,0.00031,0.1352
10905,chr9,128649709,128653716,0.21927,0.0079,0.29135,0.06308,0.15702,0.01309,0.05697,0.23267,0.02855,0.12099
10908,chr9,128938646,128939906,0.21306,0.02884,0.21685,0.03325,0.09132,1e-05,0.0853,0.09011,0.00011,0.08902
10911,chr9,129264406,129265790,0.41683,0.12518,0.47923,0.37732,0.11421,0.01352,0.0058,0.16942,0.07881,0.03833
10938,chr9,133760072,133761139,0.20759,0.43419,0.03775,0.1569,0.06726,0.07583,0.00482,0.25943,0.10613,0.0458
10942,chr9,134115318,134118543,0.01006,0.11418,0.14179,0.03409,0.16551,0.20506,0.07249,0.00293,0.02329,0.046
10946,chr9,134464505,134466829,0.22607,0.17012,0.11257,0.09091,0.00646,0.04462,0.06946,0.01094,0.02553,0.00444
10950,chr9,134848949,134850090,0.06499,0.27679,0.06264,0.11015,0.08257,0.0004,0.00493,0.11653,0.05689,0.01075
10954,chr9,135322217,135325757,0.11396,0.41339,0.30977,0.42393,0.12457,0.07805,0.14586,0.00161,0.00318,0.00781
10967,chr9,137359057,137361507,0.08183,0.19943,0.0046,0.20035,0.03155,0.04676,0.03286,0.14329,2e-05,0.16162
10972,chr9,137818517,137819670,0.41559,0.32217,0.2987,0.29925,0.06092,0.03172,0.02036,0.00323,0.00609,0.00059
10976,chr9,138017889,138019594,0.30675,0.00058,0.24628,0.14216,0.31808,0.00107,0.05687,0.25977,0.14251,0.03732
10978,chr9,138125044,138139226,0.00104,0.21592,0.03617,0.0868,0.17672,0.02422,0.06585,0.0871,0.03852,0.01325
10980,chr9,138190962,138196916,0.00146,0.07127,0.33744,0.11629,0.04203,0.26809,0.07857,0.14913,0.01013,0.08049
