,Chromosome,Start,End,AFR-AMR,AFR-EAS,AFR-EUR,AFR-SAS,AMR-EAS,AMR-EUR,AMR-SAS,EAS-EUR,EAS-SAS,EUR-SAS
4,chr1,151553,153659,0.15864,0.21971,0.17032,0.18792,0.02556,0.01965,0.02175,0.0,0.0,0.0
5,chr1,156352,344468,0.21819,0.07125,0.13836,0.16495,0.037,0.00489,0.0076,0.01257,0.01339,7e-05
12,chr1,878859,969390,0.22657,0.16643,0.34143,0.16634,0.01518,0.02553,0.00812,0.08516,0.00088,0.06765
19,chr1,1528634,1531464,0.28902,0.28314,0.24428,0.21469,0.00935,0.0,0.03102,0.00759,0.00914,0.02604
23,chr1,1879931,1881904,0.24342,0.16653,0.00416,0.10716,0.00618,0.18165,0.0262,0.10686,0.00608,0.06728
26,chr1,2803392,2804673,0.29587,0.2539,0.0766,0.05706,0.01055,0.1354,0.1716,0.08548,0.11891,0.00375
49,chr1,7039442,7040886,0.03551,0.25116,0.07121,0.07604,0.13025,0.00934,0.01072,0.06776,0.06988,3e-05
63,chr1,8485660,8491128,0.07711,0.05404,0.25577,0.03885,0.00591,0.05387,0.00812,0.1094,0.00042,0.11221
68,chr1,8945048,8947994,0.13923,0.18984,0.37715,0.16714,0.00899,0.06456,0.00068,0.02009,0.00503,0.05692
75,chr1,9730577,9731873,0.19195,0.22521,0.44178,0.29966,0.00054,0.04296,0.01944,0.03571,0.01489,0.00251
100,chr1,13000087,13017909,0.08339,0.22773,0.39095,0.10537,0.04633,0.17939,0.00194,0.05204,0.02915,0.15335
106,chr1,15042102,15045522,0.03652,0.19128,0.00093,0.02996,0.11778,0.06282,0.00021,0.30968,0.12835,0.05569
109,chr1,15462117,15500353,0.33174,0.58255,0.39737,0.39305,0.17489,0.0269,0.01848,0.09511,0.0851,0.00062
113,chr1,15956407,16560130,0.01094,0.23907,0.14296,0.04894,0.24115,0.13989,0.02459,0.01038,0.11941,0.05335
119,chr1,17163742,17165235,0.32263,0.42943,0.18512,0.38718,0.03095,0.03063,0.00775,0.10383,0.00831,0.06716
145,chr1,23719463,23721614,0.04054,0.39569,0.03712,0.02016,0.52455,0.0,0.09641,0.5196,0.23347,0.09326
149,chr1,24031550,24034861,0.05329,0.17494,0.25212,0.12921,0.07121,0.09622,0.02512,0.0001,0.01833,0.02175
155,chr1,25440061,25445004,0.14777,0.20504,0.19427,0.21371,0.01158,0.04044,0.04465,0.01538,0.01714,0.0
169,chr1,27300215,27352781,0.35645,0.00351,0.21153,0.10189,0.31346,0.04579,0.14466,0.17536,0.07065,0.03968
195,chr1,30249063,30254427,0.00114,0.14978,0.18767,0.17091,0.16351,0.20987,0.18895,0.01292,0.00494,0.00188
205,chr1,31347905,31363641,0.16145,0.16163,0.0708,0.05843,0.00043,0.31508,0.03191,0.31736,0.02744,0.20201
222,chr1,36822387,36823991,0.00689,0.20466,0.00021,0.0,0.13891,0.00453,0.00677,0.20062,0.20975,0.00023
236,chr1,39400914,39403956,0.13031,0.24853,0.19427,0.16553,0.06607,0.0513,0.01133,0.0,0.03307,0.02604
244,chr1,40425146,40432084,0.01091,3e-05,0.25493,0.01175,0.00881,0.1662,0.0,0.23478,0.00957,0.20174
263,chr1,45584263,45588109,0.20081,0.44646,0.29595,0.37476,0.09972,0.02679,0.06175,0.01924,0.00365,0.00623
266,chr1,46117408,46120172,0.13919,0.30709,0.19108,0.02663,0.04554,0.00243,0.04669,0.02796,0.16672,0.07861
298,chr1,53164916,53166486,0.20626,0.07748,0.11196,0.22581,0.05612,0.02862,0.00032,0.00448,0.05577,0.02856
323,chr1,61526628,61532736,0.20865,0.16456,0.17507,0.04377,0.00257,0.00817,0.09611,0.00154,0.06623,0.06202
325,chr1,62035915,62037305,0.15278,0.02165,0.07854,0.0142,0.20195,0.02307,0.08153,0.15982,0.06775,0.02667
326,chr1,62067703,62070089,0.17425,0.37336,0.02283,0.01786,0.1077,0.09603,0.10925,0.26045,0.28533,0.00026
350,chr1,73022493,73026799,0.1664,0.21799,0.14196,0.20267,0.01496,4e-05,0.03305,0.01414,0.00847,0.0375
378,chr1,80776625,80782817,0.09014,0.51972,0.02007,0.08858,0.33831,0.02567,0.00081,0.42976,0.27071,0.02924
387,chr1,82500675,82502286,0.21332,0.20061,0.21413,0.21605,0.00263,0.00129,0.00013,0.008,0.00427,0.00073
392,chr1,84086792,84090651,0.02702,0.04347,0.11925,0.0022,0.00137,0.21817,0.04003,0.25164,0.05775,0.10539
411,chr1,88853623,88856339,0.18283,0.06987,0.28144,0.19145,0.03557,0.01749,0.0,0.09673,0.03591,0.01896
416,chr1,91611087,91612359,0.00207,0.13033,0.03752,0.19413,0.15568,0.02266,0.15849,0.26419,0.48058,0.06504
422,chr1,93668531,93671415,0.16296,0.49554,0.25519,0.35455,0.15616,0.01285,0.06031,0.08209,0.02358,0.01867
451,chr1,103975398,103980677,0.15161,0.21564,0.16696,0.1843,0.02556,0.01965,0.02175,0.0,0.0,0.0
456,chr1,104754332,104755456,0.07384,0.04981,0.22812,0.0465,0.23931,0.10577,0.00205,0.44587,0.18242,0.1137
481,chr1,110130631,110134380,0.03206,0.00624,0.22011,0.17808,0.00979,0.10324,0.07098,0.16065,0.1228,0.00229
491,chr1,112164095,112177007,0.27887,0.25538,0.22455,0.36575,0.00702,0.02658,0.00029,0.00806,0.01182,0.04149
497,chr1,113012237,113014073,0.32096,0.11709,0.28615,0.17541,0.08809,0.01301,0.0486,0.04143,0.00684,0.01536
498,chr1,113356303,113357334,0.21062,0.46609,0.03737,0.04043,0.07902,0.10201,0.10645,0.30918,0.32451,6e-05
499,chr1,113508910,113514956,0.10822,0.27054,0.00072,0.01269,0.04937,0.08603,0.05283,0.21946,0.18129,0.00872
531,chr1,127413559,127419966,0.12299,0.2321,0.15507,0.04741,0.00736,0.00074,0.02935,0.01497,0.07858,0.02943
539,chr1,128011270,128020507,0.07361,0.32259,0.00665,0.21654,0.14412,0.04425,0.06309,0.27303,0.0219,0.19197
540,chr1,128032648,128078400,0.11857,0.29312,0.0169,0.20221,0.04848,0.04105,0.01406,0.16305,0.01067,0.10159
542,chr1,128082647,128096753,0.00917,0.09294,0.01743,0.0451,0.05718,0.07608,0.01992,0.24515,0.01033,0.1819
559,chr1,129573469,129642626,0.1841,0.1606,0.04248,0.20465,0.00244,0.03789,0.00403,0.02449,0.00011,0.02828
560,chr1,129644620,129783645,0.12881,0.35121,0.07483,0.32184,0.11747,0.00309,0.0667,0.12561,0.01318,0.08355
564,chr1,147848830,147851451,0.0412,0.16917,0.00045,0.31625,0.04103,0.0455,0.14681,0.16413,0.04477,0.32235
585,chr1,151439845,151444760,0.21086,0.19249,0.10537,0.23494,0.00189,0.02343,0.00496,0.01176,0.01198,0.04856
589,chr1,151924197,151934686,0.01091,0.05419,0.11506,0.01135,0.10067,0.05456,0.03925,0.29052,0.01515,0.18098
605,chr1,154828529,154833234,0.42598,0.46841,0.39113,0.42,0.01264,0.00969,0.01073,0.0,0.0,0.0
614,chr1,158034810,158037261,0.13842,0.27721,0.02098,0.10927,0.0573,0.0481,0.00099,0.15735,0.0646,0.03393
622,chr1,160102320,160107211,0.06984,0.01526,0.17634,0.23735,0.02049,0.03816,0.06949,0.1015,0.14955,0.00359
640,chr1,166553037,166557381,0.23224,0.26707,0.2099,0.15844,0.01264,0.00969,0.03229,0.0,0.06775,0.05376
642,chr1,167406787,167407961,0.06768,0.56339,0.24525,0.30236,0.34141,0.0723,0.1055,0.13634,0.11078,0.00275
651,chr1,172051330,172052839,0.06667,0.09818,0.03464,0.00114,0.00264,0.20003,0.05634,0.24694,0.0855,0.06038
657,chr1,173591412,173592512,0.17214,0.23877,0.18611,0.20494,0.02556,0.01965,0.02175,0.0,0.0,0.0
659,chr1,173819637,173911326,0.12131,0.35107,0.1165,0.23882,0.14671,0.00028,0.05267,0.15617,0.041,0.05238
664,chr1,176944155,176960907,0.08254,0.05834,0.23147,0.04726,0.00379,0.05821,0.00748,0.09229,0.00061,0.11787
670,chr1,178715666,178719675,0.1563,0.31851,0.17643,0.2775,0.09465,0.00807,0.0814,0.06494,0.0,0.05714
681,chr1,181661899,181664738,0.16628,0.04606,0.17677,0.10267,0.41817,0.0021,0.0119,0.46488,0.33335,0.02506
685,chr1,183359904,183363703,0.07841,0.15023,0.04712,0.01389,0.36511,0.00403,0.18158,0.29654,0.08041,0.132
701,chr1,188620596,188623846,0.30504,0.14726,0.12897,0.12944,0.0479,0.06,0.06057,0.00035,0.00052,2e-05
716,chr1,191203893,191246236,0.18853,0.20756,0.30965,0.19248,1e-05,0.00538,3e-05,0.00518,8e-05,0.00648
717,chr1,191293969,191296078,0.27127,0.2325,0.31865,0.16665,0.00695,0.01905,0.02163,0.04579,0.00471,0.07494
721,chr1,192843967,192846881,0.05879,0.28429,0.00167,0.09702,0.13091,0.04478,0.00635,0.33383,0.11997,0.09387
746,chr1,198399641,198403400,0.20614,0.45841,0.14021,0.26929,0.15495,0.00404,0.01527,0.1847,0.08778,0.03216
767,chr1,205313270,205324309,0.2024,0.22521,0.33516,0.2043,0.00712,0.04437,0.00921,0.01268,0.00031,0.00761
773,chr1,207089585,207094544,0.00027,0.31949,0.05261,0.22692,0.29724,0.0455,0.213,0.15265,0.01174,0.08731
785,chr1,219140392,219142184,0.10558,0.00709,0.30051,0.04377,0.12458,0.09924,0.0174,0.31055,0.06775,0.16714
803,chr1,224260764,224296419,0.14038,0.1757,0.30871,0.22192,0.00251,0.07631,0.01508,0.05073,0.00482,0.0354
834,chr1,229376417,229377651,0.20631,0.16986,0.15787,0.02154,0.00458,0.00229,0.12716,0.00049,0.0847,0.09508
841,chr1,233212919,233214262,0.41064,0.20286,0.30416,0.27286,0.0872,0.03747,0.02419,0.01075,0.01727,0.00108
842,chr1,233569488,233570591,0.45708,0.82518,0.03939,0.27455,0.27849,0.2922,0.04081,0.71583,0.42112,0.13969
845,chr1,234483426,234484565,0.04276,0.22133,0.07157,0.07782,0.15598,0.01124,0.01167,0.11111,0.10417,0.0
848,chr1,234801530,234805368,0.29262,0.25176,0.38814,0.46499,0.00035,0.00631,0.01738,0.00291,0.01017,0.00239
854,chr1,235897967,235899073,0.09858,0.40635,0.1873,0.11504,0.18325,0.02674,0.00188,0.0744,0.14469,0.01398
883,chr1,244519281,244521043,0.28217,0.28154,0.27744,0.26429,0.00054,0.00263,8e-05,0.00539,0.00021,0.00376
891,chr1,245077535,245081338,0.1068,0.27765,0.13992,0.36709,0.06636,0.00332,0.12408,0.04089,0.00639,0.09471
892,chr1,245395988,245397803,0.07985,0.04398,1e-05,0.01621,0.24396,0.05917,0.13892,0.0294,0.00215,0.01114
895,chr1,245653830,245656139,0.05501,0.15068,0.06329,0.01567,0.02753,0.22944,0.01389,0.38964,0.08451,0.154
899,chr1,245996875,245999853,0.14883,0.20857,0.16116,0.17802,0.02556,0.01965,0.02175,0.0,0.0,0.0
901,chr1,246212157,246213248,0.11812,0.0675,0.1406,0.20822,0.01051,0.00452,0.01432,0.02615,0.05129,0.00167
905,chr1,246561221,246563047,0.11206,0.40893,0.09593,0.07721,0.26626,2e-05,0.00122,0.24092,0.22621,0.00134
914,chr1,248142135,248151046,0.25366,0.34047,0.27344,0.29787,0.03876,0.0299,0.03305,0.0,0.0,0.0
921,chr10,314698,317780,0.14148,0.05486,0.20063,0.09199,0.03131,0.01583,0.00856,0.08432,0.00816,0.05213
925,chr10,439787,441555,0.46575,0.52606,0.41307,0.44015,0.0061,0.00082,0.00025,0.0112,0.00876,0.00017
942,chr10,1615030,1616453,0.17547,0.26357,0.05091,0.21289,0.01778,0.05169,0.00635,0.12389,0.00331,0.09583
945,chr10,2494615,2495801,0.01413,0.15094,0.00441,0.00655,0.07058,0.03487,0.03839,0.19836,0.20211,0.00036
958,chr10,5169566,5171120,0.00059,0.14427,0.01787,0.01512,0.12077,0.02428,0.00936,0.24635,0.07419,0.06991
960,chr10,5247084,5253127,0.15532,0.40802,0.05158,0.07366,0.13917,0.04016,0.02126,0.36036,0.26459,0.00272
970,chr10,7034881,7036140,0.09626,0.00963,0.41247,0.30838,0.05231,0.14447,0.06449,0.34178,0.23506,0.0252
974,chr10,8270264,8271423,0.10107,0.21471,6e-05,0.01997,0.00876,0.07564,0.04685,0.16508,0.12123,0.0172
977,chr10,9488550,9494500,0.03092,0.24902,0.07556,0.06302,0.11618,0.00969,0.00538,0.05888,0.07432,0.00069
978,chr10,9712206,9843730,0.08232,0.27869,0.00118,0.22022,0.07438,0.10459,0.04569,0.319,0.00357,0.2792
990,chr10,12530761,12533287,0.02739,0.04585,0.00401,0.11018,0.00125,0.01001,0.21731,0.02062,0.27718,0.17119
1005,chr10,17287134,17291917,0.2186,0.24255,0.08387,0.03608,0.00295,0.04324,0.12275,0.06158,0.14426,0.02446
1009,chr10,18560784,18640461,0.0074,0.18332,0.02393,0.00466,0.26561,0.06403,0.02622,0.07823,0.13973,0.00918
1012,chr10,20578126,20590599,0.03743,0.06874,0.27794,0.02595,0.00805,0.14334,0.0011,0.08171,0.01368,0.16042
1027,chr10,24752580,24766127,0.00944,0.08103,0.04773,0.0517,0.04066,0.10528,0.02135,0.26357,0.00452,0.22695
1028,chr10,25436989,25443042,0.00436,0.1085,0.0276,0.12214,0.13007,0.00864,0.07521,0.21002,0.33727,0.04983
1049,chr10,30989105,30994119,0.15745,0.01125,0.26114,0.15385,0.1177,0.01285,0.00374,0.21009,0.10622,0.03245
1115,chr10,44059369,44060806,0.1882,0.59213,0.125,0.25032,0.23956,0.01408,0.00751,0.31429,0.16852,0.0407
1127,chr10,46647853,46701819,0.00485,0.14338,0.00827,0.00853,0.17356,0.00013,0.02373,0.26478,0.08334,0.04219
1132,chr10,52292542,52303493,0.27757,0.37559,0.03719,0.13907,0.00947,0.10847,0.03331,0.1757,0.07912,0.02807
1140,chr10,53872795,53878082,0.13753,0.19342,0.28129,0.18628,0.00639,0.02059,0.00191,0.00377,0.00143,0.01093
1159,chr10,57637098,57641440,0.32407,0.48354,0.30804,0.22051,0.03545,0.00027,0.01585,0.02621,0.09467,0.01867
1164,chr10,58304981,58307030,0.01227,0.04774,0.02691,0.07058,0.01246,0.00482,0.13274,0.00109,0.21381,0.1607
1186,chr10,66410346,66418708,0.24365,0.42401,0.386,0.2544,0.04173,0.00478,0.00204,0.01978,0.06359,0.01498
1211,chr10,70389305,70399393,0.09418,0.2469,0.00663,0.00111,0.04387,0.0502,0.09938,0.16425,0.23508,0.01524
1237,chr10,77455424,77460412,0.42135,0.20953,0.33173,0.32528,0.05767,0.00192,0.01123,0.03145,0.01845,0.00291
1247,chr10,80583589,80614729,0.05004,0.20652,0.03033,0.06256,0.06738,0.00157,0.00213,0.07961,0.03955,0.00661
1249,chr10,80834768,80836911,0.09171,0.14604,0.04901,0.08025,0.34451,0.01158,0.00021,0.26575,0.3197,0.00864
1250,chr10,80891569,80907360,0.00849,0.19738,0.00286,0.06112,0.22332,0.02329,0.11202,0.13441,0.063,0.03601
1252,chr10,81636623,81638322,0.01635,0.11223,0.00015,0.03535,0.16967,0.01217,0.00339,0.15982,0.22179,0.02946
1258,chr10,83241950,83244500,0.38992,0.26119,0.47564,0.4714,0.02678,0.03222,0.01815,0.09348,0.07738,0.00352
1263,chr10,84092550,84097612,0.1304,0.08476,0.28357,0.15828,0.00767,0.07537,0.0035,0.11664,0.02059,0.04982
1325,chr10,104137222,104139895,0.03846,0.11987,0.21925,0.09829,0.02803,0.11174,0.02123,0.02986,0.00021,0.03322
1333,chr10,106187110,106192890,0.07643,0.38543,0.09211,0.1227,0.16505,0.00058,0.00563,0.2657,0.16856,0.00367
1337,chr10,107436325,107438613,0.16287,0.1093,0.23123,0.17821,0.00759,0.00806,0.00047,0.03091,0.01181,0.00492
1354,chr10,113243416,113247903,0.05648,0.23584,0.08596,0.13668,0.07569,0.00342,0.01954,0.05014,0.02221,0.00744
1356,chr10,114975813,114977551,0.00824,0.04766,0.002,0.05094,0.11276,0.00213,0.02579,0.0791,0.22754,0.0418
1385,chr10,123483983,123493037,0.09277,0.00271,0.18756,0.01831,0.0813,0.03542,0.02802,0.20247,0.00967,0.11047
1386,chr10,124129436,124132921,0.05523,0.30476,0.01452,0.16992,0.13505,0.01354,0.04288,0.20532,0.02848,0.09956
1402,chr10,126389843,126394929,0.43777,0.40703,0.62161,0.42413,0.01052,0.08001,0.00298,0.1495,0.02257,0.04407
1405,chr10,127783977,127787330,0.16494,0.20446,0.1578,0.17439,0.01264,0.00969,0.01073,0.0,0.0,0.0
1412,chr10,128609642,128611884,0.13739,0.30306,0.10713,0.05899,0.12458,0.00082,0.02527,0.15982,0.20939,0.01676
1413,chr10,128693491,128696176,0.00726,0.03752,0.16453,0.01613,0.08462,0.12296,0.00228,0.33329,0.10615,0.09087
1419,chr10,130443826,130444974,0.18786,0.12427,0.29665,0.19963,0.00205,0.0168,0.00119,0.02517,0.00556,0.00833
1425,chr10,132045831,132049552,0.00211,0.18784,0.08406,0.26328,0.14747,0.06184,0.22407,0.02793,0.01414,0.07849
1431,chr10,133100076,133103196,0.00048,0.10882,0.07117,0.00893,0.08788,0.08079,0.00485,0.29383,0.06625,0.15705
1443,chr10,134060862,134067811,0.06228,0.01173,0.12604,0.00332,0.12054,0.01837,0.03932,0.20112,0.0273,0.10775
1469,chr11,1036509,1038060,0.01682,0.06458,0.00105,0.16569,0.12119,0.0088,0.23082,0.07035,0.03354,0.17576
1478,chr11,1365195,1366670,0.00421,0.07728,0.03529,0.01837,0.11258,0.01621,0.03981,0.20073,0.0236,0.10629
1481,chr11,2249226,2251329,0.07578,0.34951,0.03234,0.17954,0.17278,0.00451,0.0355,0.17549,0.07558,0.05299
1487,chr11,3186398,3187528,0.04057,0.22826,0.0745,0.02213,0.09033,0.00639,0.00357,0.06765,0.1491,0.02343
1492,chr11,3512609,3516522,0.01105,0.13731,0.00554,0.02959,0.09999,0.03789,0.00626,0.29412,0.06018,0.0763
1498,chr11,5162382,5164894,0.16405,0.40598,0.15643,0.11331,0.08975,0.00242,0.00776,0.11781,0.14122,0.00185
1502,chr11,5712210,5719062,0.03239,0.29111,0.03734,0.01381,0.13392,0.10829,0.07445,0.38006,0.34581,0.00936
1512,chr11,7827149,7828824,0.28045,0.12129,0.28498,0.27115,0.06648,0.00031,0.00278,0.06471,0.05082,0.00151
1521,chr11,9567314,9572794,0.00776,0.14973,0.09354,0.00941,0.23122,0.06068,9e-05,0.43385,0.25325,0.06241
1535,chr11,11890611,11892248,0.03823,0.34292,0.00357,0.09063,0.4622,0.09341,0.22888,0.27823,0.11609,0.06481
1536,chr11,12016085,12018843,0.28581,0.19546,0.27617,0.35908,0.00495,0.00269,0.02582,0.01256,0.04701,0.00986
1551,chr11,17285749,17287212,0.20164,0.23624,0.184,0.20267,0.01264,0.00969,0.01073,0.0,0.0,0.0
1594,chr11,25550670,25552998,0.16031,0.34229,0.0899,0.09444,0.07828,0.01219,0.00727,0.14378,0.11023,0.00027
1597,chr11,25787212,25854400,0.06451,0.21462,0.12975,0.08487,0.05382,0.01336,0.00192,0.01359,0.03449,0.00509
1608,chr11,29252752,29253776,0.04071,0.24352,0.32724,0.08394,0.08969,0.17604,0.00837,0.0327,0.0448,0.12823
1613,chr11,31508063,31511936,0.25244,0.0013,0.28871,0.22898,0.22078,0.00234,0.00162,0.25966,0.19987,0.00784
1618,chr11,32503222,32504584,0.02644,0.10358,0.05114,0.02221,0.21514,0.00605,0.10442,0.26832,0.03828,0.16592
1632,chr11,34824309,34825350,0.28742,0.1672,0.02146,0.05859,0.08562,0.45104,0.21958,0.29567,0.0462,0.1586
1639,chr11,36450021,36451957,0.10213,0.07432,0.23733,0.11013,0.00774,0.06883,0.00072,0.12685,0.01339,0.05707
1645,chr11,37827975,37831252,0.19176,0.29111,0.17605,0.26476,0.0246,6e-05,0.02921,0.02943,0.00108,0.03945
1680,chr11,46877240,46878856,0.07214,0.32131,0.01563,0.07373,0.10516,0.0173,0.0002,0.18257,0.12123,0.01677
1682,chr11,47192908,47199010,0.38651,0.08275,0.55946,0.46222,0.12908,0.04457,0.00533,0.26341,0.17728,0.02292
1693,chr11,48825658,49133349,0.28095,0.08459,0.25411,0.17355,0.08728,0.0009,0.03461,0.0857,0.01816,0.0396
1701,chr11,49915061,49916622,0.13594,0.27372,0.13058,0.28254,0.05428,0.0007,0.06317,0.03561,0.0008,0.0439
1751,chr11,58640037,58643936,0.18976,0.20347,0.15699,0.17351,0.0,0.0,0.0,0.0,0.0,0.0
1754,chr11,58813796,58818577,0.13206,0.29063,0.0607,0.09934,0.07686,0.0131,0.00854,0.11706,0.11766,0.00107
1758,chr11,61035544,61037609,0.34595,0.33702,0.3376,0.1732,0.00176,0.0049,0.06318,0.01156,0.04681,0.08829
1765,chr11,61981499,62078387,0.01822,0.04036,0.08199,0.00118,0.10566,0.02557,0.01167,0.22432,0.06335,0.08185
1775,chr11,63920837,63923891,0.30997,0.38822,0.28685,0.25919,0.02606,0.00223,0.00517,0.01414,0.053,0.01364
1777,chr11,64695589,64705876,0.27612,0.11668,0.04379,0.03537,0.04543,0.12004,0.13881,0.02069,0.02856,0.0006
1786,chr11,66388287,66390982,0.49495,0.35674,0.54465,0.59399,0.03398,0.00255,0.0124,0.05335,0.08505,0.0041
1798,chr11,67733976,67999772,0.32459,0.46856,0.17172,0.32369,0.02792,0.03821,0.00484,0.12339,0.06167,0.02292
1804,chr11,69078935,69080252,0.0357,0.20768,0.0435,0.03747,0.05808,0.11645,0.11236,0.33441,0.33466,0.00078
1805,chr11,69087071,69088432,0.05804,0.08475,0.00774,0.0973,0.00021,0.11457,0.00206,0.18356,0.00154,0.24344
1810,chr11,70387389,70390844,0.10129,0.29125,0.08328,0.05884,0.09171,0.00064,0.00601,0.11473,0.13155,0.00309
1839,chr11,81121716,81130305,0.00444,0.12456,0.01924,0.00546,0.20317,0.01307,0.00013,0.25137,0.20889,0.01317
1868,chr11,89092889,89095428,0.22233,0.33778,0.24362,0.25293,0.01385,0.0009,0.00116,0.00777,0.0072,2e-05
1877,chr11,90756165,90759165,0.3015,0.38543,0.31376,0.34011,0.03876,0.0299,0.03305,0.0,0.0,0.0
1889,chr11,93209801,93219548,0.00127,0.01588,0.07839,0.09176,0.02344,0.05812,0.10796,0.14978,0.03246,0.33964
1900,chr11,95443395,95449451,0.05503,0.07433,0.46994,0.06399,0.0031,0.21732,0.00137,0.15628,0.00028,0.16782
1931,chr11,104401250,104406726,0.20959,0.08505,0.10214,0.06986,0.03743,0.02843,0.05738,0.00163,0.00093,0.00605
1938,chr11,105426866,105432322,0.11137,0.20347,0.15699,0.17351,0.05226,0.04044,0.04465,0.0,0.0,0.0
1945,chr11,106922540,106925871,0.06012,0.16453,0.15093,0.25284,0.03981,0.02852,0.10385,0.00117,0.0183,0.02754
1947,chr11,107788603,107808148,0.03498,0.06828,0.08791,0.07555,0.20089,0.05785,0.02925,0.26921,0.25866,0.00609
1969,chr11,116144016,116145047,0.08799,0.12347,0.00875,0.0013,0.00622,0.18056,0.14099,0.21202,0.17588,0.0048
1992,chr11,121209368,121211485,0.22135,0.24102,0.25078,0.11895,0.00022,0.00528,0.01726,0.0036,0.02172,0.03755
2007,chr11,127912885,127914922,0.20439,0.02165,0.20059,0.09129,0.26367,0.00156,0.0236,0.29412,0.14902,0.01467
2033,chr11,134698928,134700987,0.35679,0.43598,0.17869,0.26615,0.00683,0.04623,0.06946,0.0873,0.13195,4e-05
2047,chr12,155931,159432,0.28686,0.13902,0.13129,0.18545,0.05971,0.06616,0.04214,0.00019,0.00318,0.00599
2055,chr12,1115542,1116940,0.23157,0.28481,0.0691,0.29199,0.00173,0.06279,0.0065,0.09345,0.00182,0.12122
2071,chr12,3941150,3942285,0.00486,0.02719,0.09668,0.01838,0.06005,0.11074,0.00667,0.22979,0.09542,0.08333
2099,chr12,8360266,8367466,0.04673,0.00568,0.29606,0.05912,0.08777,0.12429,0.00049,0.42609,0.11204,0.12802
2101,chr12,8423709,8425937,0.15864,0.21971,0.17032,0.18792,0.02556,0.01965,0.02175,0.0,0.0,0.0
2132,chr12,13267012,13273090,0.25805,0.15599,0.09818,0.23051,0.01828,0.04327,0.00048,0.0058,0.02044,0.04306
2135,chr12,14044654,14047367,0.10403,0.23705,0.16147,0.15365,0.04314,0.01328,0.00771,0.00968,0.01677,0.00099
2146,chr12,16144524,16145683,0.0119,0.01661,0.01803,0.11708,0.00035,0.06628,0.06616,0.0734,0.05731,0.24444
2174,chr12,25218019,25219215,0.14092,0.17126,0.35451,0.06574,0.00433,0.13663,0.01444,0.0746,0.02954,0.19888
2184,chr12,33103347,33116561,0.0465,0.0531,0.21044,0.05248,0.20526,0.12771,0.00082,0.44486,0.21076,0.10588
2186,chr12,33433386,33435233,0.16115,0.00915,0.00751,0.00438,0.21007,0.09714,0.10467,0.03492,0.02459,0.00031
2188,chr12,33735411,33741768,0.12995,0.04408,0.224,0.07539,0.26016,0.01352,0.00514,0.40165,0.18708,0.03411
2191,chr12,38753557,38757793,0.02818,0.29361,0.11932,0.09309,0.21545,0.04031,0.02621,0.114,0.1387,0.00149
2192,chr12,39013606,39039207,0.07494,0.21332,0.11124,0.07817,0.04619,0.00367,0.00036,0.02831,0.03561,0.0015
2199,chr12,40458647,40464943,0.15862,0.0826,0.18728,0.27357,0.01323,0.00993,0.05093,0.03552,0.08613,0.01467
2204,chr12,42584229,42591453,0.12134,0.21229,0.02307,0.07143,0.01936,0.04197,0.01171,0.1015,0.05773,0.01317
2205,chr12,42821031,42822192,0.23411,0.36078,0.54622,0.45779,0.02232,0.18658,0.08935,0.10294,0.02735,0.03571
2207,chr12,43483594,43484673,0.01371,0.24517,0.04462,0.05525,0.18328,0.01195,0.0173,0.13224,0.09817,0.00062
2213,chr12,45468053,45474838,0.02021,0.34704,0.03421,0.11833,0.27098,0.10495,0.05206,0.55297,0.11914,0.2671
2216,chr12,46935035,46936081,0.44737,0.20261,0.49472,0.40428,0.10653,0.00186,8e-05,0.13072,0.09006,0.00251
2222,chr12,48276125,48278250,0.16965,0.01125,0.33516,0.48133,0.123,0.06477,0.21322,0.28416,0.43433,0.05576
2223,chr12,48293017,48295903,0.00031,0.0939,0.00149,0.10655,0.12535,0.00063,0.10923,0.12629,0.33983,0.08483
2231,chr12,49841091,49842505,0.09678,0.02491,0.05001,0.0292,0.03025,0.2336,0.02432,0.13634,0.00033,0.15964
2234,chr12,50542978,50544774,0.07569,0.21167,0.02732,0.011,0.0531,0.15924,0.03267,0.26063,0.13847,0.09054
2273,chr12,58093634,58097749,0.18976,0.20347,0.15699,0.17351,0.0,0.0,0.0,0.0,0.0,0.0
2277,chr12,58946207,58953256,0.02955,0.30317,0.11675,0.18379,0.19057,0.0417,0.0917,0.06229,0.01418,0.01295
2285,chr12,61034520,61039241,0.33272,0.17011,0.0764,0.21167,0.04439,0.10914,0.03778,0.01722,0.00102,0.03137
2298,chr12,66111263,66115978,0.31221,0.11674,0.15253,0.02983,0.56058,0.03061,0.16786,0.39695,0.22102,0.05569
2303,chr12,69143315,69145250,0.12501,0.20324,0.04615,0.09309,0.01936,0.04043,0.01215,0.09446,0.05712,0.01364
2306,chr12,70180510,70183191,0.01942,0.29014,0.00138,0.05507,0.42169,0.01198,0.13101,0.341,0.09183,0.07579
2313,chr12,71772858,71774273,0.01132,0.01191,0.20461,7e-05,0.04959,0.15854,0.01031,0.34648,0.01475,0.2531
2333,chr12,78272286,78278110,0.07343,0.00195,0.2521,0.01535,0.05013,0.10153,0.02083,0.21954,0.00638,0.178
2337,chr12,79733347,79751985,0.19543,0.04125,0.24904,0.04978,0.08861,0.00059,0.06204,0.09682,0.00135,0.0674
2346,chr12,81725001,81729605,0.17568,0.16389,0.28324,0.20445,0.00021,0.00146,0.00535,0.00282,0.00331,0.01638
2375,chr12,92894158,92897504,0.31576,0.63032,0.12032,0.32566,0.17403,0.05884,0.00069,0.3593,0.15689,0.07108
2395,chr12,98249389,98251553,0.00115,0.14054,0.00883,0.0291,0.16029,0.00364,0.0177,0.21944,0.2752,0.00496
2408,chr12,101110711,101116868,0.00278,0.24804,0.09787,0.02417,0.24191,0.14575,0.03382,0.0757,0.16948,0.05065
2413,chr12,101843361,101844569,0.0,0.23308,0.0,0.21875,0.20131,0.0,0.19322,0.16972,0.01138,0.16667
2436,chr12,109609165,109610617,0.02724,0.23995,0.14162,0.21666,0.12289,0.04869,0.10161,0.0302,0.00584,0.01506
2447,chr12,111719876,111854850,0.14423,0.00452,0.06275,0.06235,0.20095,0.01902,0.03214,0.10067,0.10226,0.00062
2448,chr12,112558483,112559545,0.0242,0.02522,0.01351,0.14503,0.0,0.00139,0.25951,0.00131,0.26542,0.2191
2460,chr12,117184190,117186761,0.12548,0.13519,0.17686,0.39856,3e-05,5e-05,0.08223,0.00017,0.09182,0.08876
2470,chr12,119905095,119907166,0.22611,0.01151,0.22166,0.1992,0.15162,0.0003,0.00039,0.15406,0.13111,0.00134
2500,chr12,123910411,123913698,0.06789,0.3487,0.19906,0.04365,0.1621,0.05937,0.00102,0.02511,0.15208,0.06211
2512,chr12,126345158,126353707,0.28759,0.28109,0.11044,0.18672,0.00218,0.05038,0.01383,0.03783,0.00656,0.01124
2514,chr12,127013884,127021068,0.18887,0.22674,0.04725,0.2014,0.00389,0.07664,0.00496,0.1087,9e-05,0.10684
2516,chr12,127105263,127111660,0.01313,0.18248,0.01047,0.01178,0.2064,0.0,0.0,0.17419,0.19059,0.0
2518,chr12,127134610,127135799,0.02407,0.41754,0.26559,0.06002,0.23884,0.12178,0.00622,0.0321,0.19789,0.08926
2519,chr12,127160522,127178400,0.00297,0.23017,0.00261,0.00788,0.2261,0.0,0.00156,0.26367,0.17312,0.00169
2526,chr12,127931511,127940409,0.20242,0.23794,0.1417,0.1828,0.01264,0.01158,0.00021,0.04274,0.01634,0.00864
2537,chr12,129119188,129120966,0.46925,0.46119,0.16488,0.16921,0.00119,0.15371,0.16107,0.1366,0.1444,0.0
2540,chr12,129334387,129335578,0.10073,0.11225,0.05612,0.20058,0.00033,0.00395,0.02228,0.00285,0.03556,0.04303
2550,chr12,130820253,130821628,0.23875,0.2493,0.16493,0.17482,0.0008,0.0295,0.01762,0.03229,0.02225,0.0009
2553,chr12,131424060,131425245,0.03091,0.00098,0.18578,0.18099,0.04253,0.09939,0.08889,0.21419,0.20625,0.00042
2554,chr12,131434355,131435655,0.08173,0.00124,0.03737,0.30693,0.06873,0.00954,0.08648,0.02957,0.28654,0.14295
2558,chr12,131622805,131628838,0.09667,0.27273,0.04485,0.06158,0.06924,0.00564,0.00117,0.09398,0.06819,0.00127
2563,chr12,132046681,132047769,0.27979,0.07809,0.30199,0.08946,0.06844,0.00329,0.04384,0.08812,0.00152,0.06253
2571,chr12,132451423,132466139,0.08616,0.24863,0.03961,0.10958,0.10853,0.0024,0.00425,0.08076,0.08967,0.00901
2576,chr12,132945889,132947593,0.0217,0.09837,0.15574,0.18291,0.12706,0.02568,0.03955,0.24922,0.27856,0.00412
2709,chr13,15531031,15546644,0.05363,0.00011,0.08869,0.0,0.05644,0.2745,0.05571,0.08579,0.00012,0.12626
2710,chr13,15549085,15555542,0.17678,0.05187,0.01218,0.05594,0.03656,0.23708,0.03543,0.09007,2e-05,0.11412
2734,chr13,17673003,17674883,0.29936,0.25501,0.236,0.261,0.01095,0.00773,0.0052,0.00013,0.00099,0.00036
2735,chr13,17710690,17714397,0.23187,0.07471,0.34097,0.14885,0.05941,0.04081,0.01186,0.15728,0.01883,0.09182
2763,chr13,22207329,22210173,0.10567,0.19009,0.26047,0.05533,0.01727,0.06134,0.01031,0.01226,0.05279,0.12894
2793,chr13,28864285,28870304,0.03842,0.07204,0.01669,0.05758,0.23527,0.00294,0.00376,0.16245,0.27289,0.01195
2798,chr13,30288493,30289655,0.29809,0.46071,0.26884,0.2649,0.02195,0.00267,0.00218,0.04545,0.04068,2e-05
2816,chr13,36715631,36765971,0.13646,0.09951,0.26211,0.2808,0.00282,0.03548,0.03088,0.0549,0.05118,0.00074
2824,chr13,38393005,38397105,0.15864,0.21971,0.17032,0.18792,0.02556,0.01965,0.02175,0.0,0.0,0.0
2843,chr13,44596835,44602835,0.00608,0.00516,0.10444,0.00013,0.03296,0.09636,0.00513,0.23079,0.00871,0.12622
2853,chr13,48810403,48812853,0.23735,0.0598,0.31219,0.05511,0.09358,0.01951,0.07677,0.17401,0.00012,0.15217
2855,chr13,49105530,49107194,0.03416,0.05113,0.15035,0.10693,0.15805,0.05188,0.01739,0.33265,0.32538,0.01833
2856,chr13,49120898,49126598,0.06808,0.38081,0.00437,0.09843,0.17869,0.09502,0.0011,0.38185,0.17409,0.15071
2870,chr13,58018925,58022939,0.0329,0.22592,0.00111,0.00321,0.09805,0.04388,0.01285,0.23153,0.15696,0.00783
2886,chr13,63059608,63064121,0.0889,0.24668,0.09913,0.12494,0.04545,0.00031,0.00315,0.04574,0.02884,0.00183
2898,chr13,65820620,65823259,0.03044,0.10317,0.04169,0.01977,0.20993,0.00071,0.00147,0.29412,0.22523,0.00476
2925,chr13,71455052,71459783,0.07641,0.20347,0.09042,0.17351,0.05912,0.00279,0.05057,0.06494,0.0,0.05714
2926,chr13,71490462,71494334,0.36416,0.086,0.26346,0.2792,0.12703,0.01285,0.00648,0.06174,0.07435,0.00088
2945,chr13,77648727,77649841,0.20773,0.34813,0.02009,0.02222,0.01384,0.11537,0.10448,0.23089,0.21104,0.00023
2981,chr13,85348046,85350500,0.2064,0.26754,0.21029,0.23087,0.02556,0.01965,0.02175,0.0,0.0,0.0
2991,chr13,88178734,88179940,0.12168,0.20771,0.16046,0.13641,0.05226,0.04044,0.00496,0.0,0.03307,0.02604
2992,chr13,88351647,88394707,0.0413,0.00551,0.1753,0.09129,0.06293,0.05156,0.00921,0.206,0.11997,0.01887
2993,chr13,88800460,88801614,0.17428,0.08745,0.12395,0.23528,0.01611,0.00243,0.01927,0.00588,0.05323,0.03245
3009,chr13,92692707,92695257,0.01395,0.28971,0.0,0.07368,0.22672,0.00969,0.03229,0.21529,0.13704,0.05376
3050,chr13,106004422,106010473,0.24148,0.18511,0.12058,0.14969,0.00763,0.02448,0.01843,0.00507,0.00219,0.00077
3055,chr13,107521702,107526464,0.13959,0.2198,0.00759,0.17811,0.02078,0.08347,0.01133,0.15627,0.00133,0.12917
3057,chr13,108993982,108995403,0.1656,0.1294,0.17861,0.26049,0.00624,0.00162,0.01983,0.01413,0.05027,0.01046
3060,chr13,109711379,109712636,0.13594,0.29707,0.15933,0.25235,0.07377,0.00667,0.05744,0.04384,0.00065,0.03279
3062,chr13,110569641,110572778,0.00577,0.08542,0.13716,0.01348,0.13397,0.12467,0.0026,0.34261,0.14243,0.07585
3064,chr13,110951770,110955237,0.32287,0.22756,0.35806,0.30559,0.02959,0.00535,0.00054,0.05769,0.02207,0.00949
3068,chr13,111786879,111788339,0.43793,0.20755,0.0461,0.16331,0.05634,0.22593,0.09045,0.06008,0.00394,0.0375
3074,chr13,112122031,112123223,0.17499,0.23247,0.15628,0.1993,0.02556,0.00107,0.02175,0.0211,0.0,0.01846
3077,chr13,112283876,112284920,0.06677,0.23299,0.05728,0.12247,0.08055,0.00018,0.01587,0.08835,0.02544,0.02055
3082,chr13,112625802,112627673,0.1445,0.22869,0.15826,0.19813,0.01623,0.00129,0.01063,0.0095,0.00059,0.00567
3084,chr13,112633342,112638277,0.20885,0.42198,0.0113,0.14228,0.08859,0.1267,0.00721,0.3274,0.13228,0.07713
3125,chr14,5408235,5410760,0.34027,0.44962,0.37326,0.40169,0.0358,0.0276,0.03051,0.0,0.0,0.0
3127,chr14,5470860,5500100,0.11768,0.03088,0.03384,0.00587,0.23003,0.28023,0.13873,8e-05,0.00629,0.00803
3129,chr14,5512347,5536330,0.06292,0.10618,0.00669,0.00903,0.25275,0.09328,0.07365,0.04863,0.0269,0.00056
3164,chr14,8604802,8605826,0.01696,0.18572,0.00756,0.04892,0.11015,0.04919,0.00915,0.33835,0.09387,0.11438
3171,chr14,8926195,8931136,0.12227,0.01979,0.23206,0.00282,0.05534,0.00532,0.08554,0.11904,0.00762,0.18539
3288,chr14,15755524,15765745,0.22537,0.00065,0.00281,0.00091,0.17909,0.14845,0.1654,0.00053,2e-05,0.00039
3294,chr14,16564606,16565717,0.22299,0.01037,0.17334,0.1253,0.15344,0.00144,0.01927,0.11538,0.07095,0.00916
3299,chr14,16833935,16839427,0.21608,0.51667,0.22367,0.4182,0.19037,0.00036,0.09189,0.16826,0.02571,0.08155
3300,chr14,17143012,17145576,0.69154,0.74722,0.5303,0.77143,0.05113,0.00706,0.0421,0.07017,0.00099,0.06241
3345,chr14,30391964,30395479,0.13954,0.10966,0.49341,0.17907,0.00416,0.20833,0.00435,0.2664,0.01723,0.1685
3357,chr14,33594505,33597497,0.17854,0.13239,0.30583,0.21289,8e-05,0.04643,0.00639,0.03236,0.00369,0.01793
3358,chr14,34329764,34369112,0.01778,0.03203,0.23346,0.03548,0.00079,0.10673,0.00122,0.10983,5e-05,0.11969
3366,chr14,35331065,35391330,0.26303,0.1131,0.1552,0.15385,0.06284,0.03832,0.06168,0.00221,1e-05,0.00229
3393,chr14,40543726,40550524,0.03419,0.22797,0.06137,0.01377,0.12366,0.16209,0.08398,0.4021,0.31428,0.01867
3402,chr14,43137818,43139514,0.14768,0.23391,0.15164,0.15609,0.0248,0.0035,0.00132,0.00962,0.01667,0.00069
3438,chr14,54797786,54799204,0.02556,0.38582,0.17841,0.20677,0.28,0.08607,0.10566,0.09517,0.08975,0.00074
3458,chr14,59570676,59573451,0.02496,0.36673,0.09298,0.00182,0.2235,0.02347,0.01162,0.114,0.30125,0.06655
3468,chr14,63237217,63241263,0.08384,0.42774,0.00252,0.00491,0.18703,0.06288,0.04526,0.44792,0.35976,0.00057
3477,chr14,67539263,67540535,0.00921,0.00383,0.1671,0.05892,0.02436,0.11817,0.02391,0.21059,0.09074,0.04771
3487,chr14,69203762,69204891,0.04136,0.13327,0.04441,0.0052,0.03239,0.17553,0.09922,0.32051,0.25052,0.03563
3505,chr14,73849989,73858748,0.48197,0.04603,0.3867,0.23874,0.33814,0.01297,0.10189,0.23793,0.10307,0.04185
3506,chr14,73969341,73974159,0.13263,0.03151,0.12882,1e-05,0.24177,5e-05,0.10288,0.24223,0.02458,0.10424
3509,chr14,74698449,74700340,0.21964,0.06739,0.0932,0.04663,0.05012,0.05233,0.1079,0.00221,0.00315,0.01524
3512,chr14,75532511,75535211,0.04749,0.0171,0.1484,0.18831,0.09274,0.03032,0.05037,0.19352,0.23202,0.00335
3513,chr14,75626688,75629077,0.05357,0.0343,0.13526,0.0426,0.1749,0.04199,0.00048,0.29743,0.15476,0.05238
3519,chr14,77332843,77334347,0.44864,0.37422,0.32771,0.43007,0.00509,0.02354,0.00128,0.00653,0.01022,0.03147
3528,chr14,79044443,79049494,0.16684,0.28209,0.23686,0.29933,0.02109,0.00074,0.03801,0.01581,0.00384,0.03342
3534,chr14,80129229,80134960,0.06953,0.00837,0.31159,0.08065,0.10595,0.10961,0.00025,0.35763,0.12181,0.10495
3537,chr14,80650256,80651262,0.40026,0.295,0.30656,0.27328,0.03275,0.01215,0.04446,0.00655,0.00012,0.0103
3562,chr14,88591261,88593283,0.37968,0.53381,0.1917,0.30069,0.06293,0.07184,0.01703,0.26367,0.16529,0.02423
3603,chr14,98446020,98447380,0.0006,0.10456,0.07127,0.21963,0.09782,0.07154,0.2049,0.0046,0.02312,0.05257
3607,chr14,99151090,99152886,0.25151,0.4272,0.22903,0.2286,0.03797,0.0003,0.00191,0.05742,0.07331,0.00077
3612,chr14,99724806,99727092,0.52033,0.66428,0.25549,0.41203,0.05043,0.10485,0.03343,0.2499,0.15286,0.02744
3613,chr14,99770299,99772811,0.41318,0.41727,0.25104,0.35293,0.00179,0.02936,0.00577,0.039,0.01254,0.01028
3617,chr15,64025,67386,0.1062,0.02421,0.28181,0.25123,0.03868,0.03498,0.02473,0.16161,0.13794,0.00122
3637,chr15,2076329,2140131,0.00858,0.29883,0.07381,0.15051,0.19293,0.0392,0.07571,0.01906,0.03972,4e-05
3735,chr15,17651049,17691979,0.04671,0.00626,0.08757,0.00295,0.06625,0.21852,0.05874,0.03415,0.0005,0.05016
3746,chr15,20413599,20456455,0.02601,0.00024,0.14924,0.13646,0.03824,0.06743,0.05292,0.21313,0.19164,0.00185
3747,chr15,20712605,20733862,0.03791,0.11751,0.04557,0.00226,0.19286,0.00035,0.04438,0.20516,0.07045,0.05409
3757,chr15,21837974,21839452,0.11827,0.20863,0.2659,0.23131,0.02935,0.05907,0.01418,0.00544,0.00513,0.02356
3765,chr15,22360809,22362369,0.08017,0.02598,0.17625,0.12609,0.20254,0.02357,0.01116,0.37817,0.25042,0.00097
3779,chr15,23495565,23499124,0.01711,0.0024,0.22983,0.17023,0.00623,0.13,0.07642,0.18088,0.12435,0.02046
3797,chr15,26468781,26470881,0.23549,0.27739,0.21866,0.23982,0.01264,0.00969,0.01073,0.0,0.0,0.0
3816,chr15,30212015,30231965,0.22539,0.2726,0.2432,0.18988,0.00379,0.00807,0.0017,0.00094,0.01051,0.0172
3822,chr15,32176538,32181794,0.26981,0.32696,0.26154,0.28533,0.02556,0.01965,0.02175,0.0,0.0,0.0
3825,chr15,32361723,32366971,0.22281,0.16374,0.01172,0.04665,0.01255,0.14722,0.08883,0.09204,0.0422,0.01321
3874,chr15,47060926,47063899,0.0108,0.05146,0.03644,0.0958,0.1111,0.00861,0.04641,0.18377,0.25528,0.01593
3902,chr15,54392997,54397587,0.21371,0.23071,0.17248,0.19337,0.00013,0.00092,0.00021,0.00171,0.00065,0.00026
3916,chr15,60217482,60219182,0.16166,0.5119,0.00014,0.19542,0.19232,0.12597,0.00336,0.43522,0.14528,0.15935
3920,chr15,61282542,61285070,0.06791,0.12677,0.12476,0.25112,0.01077,0.00377,0.06232,0.00253,0.02024,0.04498
3921,chr15,61711390,61712491,0.01395,0.22313,0.0,0.0,0.15978,0.00969,0.01073,0.1619,0.17739,0.0
3927,chr15,63333101,63336333,0.0668,0.21024,0.06691,0.06327,0.06009,0.00016,0.0,0.06405,0.05967,0.00013
3947,chr15,68552417,68558116,0.20602,0.13782,0.19897,0.14451,0.00893,0.00023,0.00514,0.01119,0.00054,0.00758
3950,chr15,69408302,69409703,0.11091,0.02862,0.20742,0.10073,0.03607,0.01322,0.00137,0.10009,0.02628,0.02602
3972,chr15,75578491,75582599,0.05746,0.30727,0.04615,0.1129,0.1605,0.00223,0.01217,0.16385,0.09542,0.02328
3984,chr15,81100648,81104709,0.23017,0.5743,0.39364,0.44909,0.15805,0.04843,0.07695,0.03308,0.01413,0.00359
4007,chr15,86610150,86611635,0.1622,0.16095,0.22904,0.14686,0.0004,0.03706,4e-05,0.04365,0.00063,0.02857
4023,chr15,88808251,88809424,0.07498,0.28289,0.03049,0.18717,0.08896,0.01152,0.03083,0.14176,0.01636,0.07642
4028,chr15,89893570,89896067,0.03963,0.07948,0.0296,0.01786,0.20195,0.00062,0.10074,0.21944,0.0502,0.10081
4040,chr15,93956405,93961187,0.14083,0.11906,0.27356,0.0956,0.00295,0.03582,0.00585,0.0616,0.00063,0.07274
4048,chr15,96795681,96796807,0.06082,0.06922,0.25048,0.17327,0.00018,0.09315,0.03225,0.08466,0.02711,0.02847
4090,chr16,1241377,1262172,0.00127,0.24864,0.00309,0.03537,0.22744,0.00054,0.02571,0.1971,0.12765,0.01808
4091,chr16,1275509,1319747,0.0044,0.13668,0.03243,0.01176,0.10443,0.07209,0.0019,0.29732,0.09433,0.12217
4096,chr16,1906576,1907841,0.22708,0.12648,0.2301,0.0181,0.0203,0.00317,0.15083,0.03252,0.0556,0.17445
4097,chr16,2143334,2153830,0.12244,0.32713,0.13739,0.21058,0.11737,0.00399,0.03313,0.08441,0.02955,0.01484
4100,chr16,2806884,2808033,0.46916,0.26209,0.65593,0.60676,0.03908,0.04726,0.01466,0.14219,0.09433,0.01331
4104,chr16,3238127,3240680,0.06136,0.11018,0.04447,0.05869,0.01001,0.00065,0.17794,0.01579,0.23272,0.14961
4125,chr16,8089885,8092431,0.12488,0.00367,0.06957,0.03226,0.08187,0.00743,0.26675,0.04013,0.05345,0.21024
4139,chr16,11625968,11627530,0.20033,0.04471,0.2189,0.22315,0.06818,0.00041,0.00137,0.08061,0.08585,0.00034
4149,chr16,13237824,13239853,0.03661,0.20653,0.07934,0.05495,0.09534,0.01424,0.00298,0.03843,0.06735,0.00451
4159,chr16,14766046,14784136,0.15217,0.04573,0.24787,0.116,0.03006,0.02398,0.00099,0.08985,0.01806,0.03109
4162,chr16,18652686,18657995,0.29478,0.16042,0.09827,0.16938,0.0185,0.06005,0.01787,0.00868,6e-05,0.0114
4172,chr16,21151267,21155580,0.244,0.01391,0.06233,0.02998,0.26227,0.12526,0.17336,0.03869,0.00732,0.01057
4232,chr16,54272252,54274729,0.05332,0.27498,0.02149,0.05587,0.10244,0.00763,5e-05,0.17576,0.13098,0.00838
4245,chr16,62376204,62378379,0.07341,0.05152,0.11538,0.00084,0.24475,0.01008,0.08748,0.32009,0.03667,0.14279
4248,chr16,63088471,63090218,0.0502,0.10494,0.08036,0.39267,0.0098,0.00131,0.19448,0.00514,0.12415,0.2274
4249,chr16,63486689,63489140,0.05274,0.0462,0.24696,0.07707,0.00089,0.10053,0.00053,0.12939,0.00354,0.14064
4255,chr16,64812956,64845053,0.00474,0.06874,0.00119,0.04867,0.11197,0.00162,0.04157,0.08718,0.20487,0.07004
4296,chr16,75860681,75862023,0.20783,0.00397,0.12773,0.07058,0.22013,0.01434,0.03607,0.14506,0.08854,0.00748
4297,chr16,75926984,75928166,0.14312,0.01406,0.02546,0.23771,0.07494,0.04956,0.04227,0.00263,0.16617,0.14059
4302,chr16,77102473,77107251,0.16774,0.24851,0.04615,0.09309,0.01007,0.07183,0.03706,0.12564,0.08426,0.01364
4307,chr16,78446310,78447900,0.23317,0.27018,0.21253,0.23326,0.01264,0.00969,0.01073,0.0,0.0,0.0
4309,chr16,78510941,78546713,0.19765,0.23649,0.02283,0.0,7e-05,0.12458,0.14875,0.14822,0.17599,0.00609
4322,chr16,81515306,81517610,0.21035,0.22332,0.15224,0.09368,0.00113,0.00961,0.03108,0.0055,0.02602,0.0077
4326,chr16,82561430,82566321,0.24594,0.64516,0.57797,0.52373,0.22627,0.1732,0.12813,0.00159,0.01223,0.00454
4331,chr16,83112921,83115143,0.15239,0.06547,0.28308,0.16466,0.02638,0.02144,0.00045,0.09608,0.02245,0.03137
4342,chr16,84392161,84407200,0.00029,0.20347,0.14311,0.00051,0.23048,0.13392,3e-05,0.53957,0.26459,0.13594
4359,chr16,87637779,87639707,0.06149,0.00048,0.21357,0.30925,0.04917,0.04921,0.11567,0.19254,0.28311,0.02018
4363,chr16,87827740,87829378,0.30224,0.13537,0.29227,0.1283,0.03916,0.00248,0.04643,0.04906,0.0001,0.059
4372,chr16,89702679,89708741,0.00187,0.00011,0.11331,0.01281,0.00115,0.1189,0.02564,0.1237,0.01586,0.20002
4386,chr16,91470261,91477454,0.10187,0.22416,0.11561,0.13644,0.05601,0.00695,0.00885,0.01509,0.02214,0.0
4388,chr16,91797971,91824039,0.14344,0.03727,0.38475,0.06403,0.03768,0.08625,0.01769,0.21501,0.00361,0.1722
4410,chr16,94736121,94737483,0.11706,0.20214,0.11478,0.12844,0.01274,0.0,3e-05,0.01354,0.01397,1e-05
4420,chr16,95081933,95088301,0.0609,0.10609,0.109,0.00044,0.26367,0.00899,0.04342,0.35792,0.11167,0.08723
4422,chr16,95245768,95246780,0.00074,0.23702,0.00598,0.15549,0.24129,0.01005,0.16561,0.14571,0.00695,0.09084
4444,chr17,126333,128161,0.03934,0.04293,0.11067,0.00684,0.13371,0.03043,0.0153,0.20367,0.07924,0.07723
4447,chr17,179085,185308,0.17181,0.14682,0.06142,0.21714,0.0001,0.02341,0.00688,0.01649,0.00683,0.05105
4449,chr17,259913,261165,1e-05,0.0782,0.06497,0.00032,0.07166,0.05942,0.00042,0.26391,0.06745,0.07926
4450,chr17,264326,267627,0.15953,0.05613,0.20026,0.07008,0.02639,0.00231,0.02602,0.04327,0.00016,0.04974
4452,chr17,302074,303625,0.05371,0.01823,0.17215,0.10978,0.12291,0.03515,0.00835,0.29609,0.21037,0.01394
4455,chr17,388733,390364,0.07592,0.23605,0.02097,0.17403,0.06346,0.02078,0.03068,0.15124,0.00751,0.10957
4456,chr17,477453,479043,0.0597,0.20312,0.05434,0.00246,0.0523,4e-05,0.0329,0.04452,0.14571,0.03206
4461,chr17,706822,707961,0.16963,0.06006,0.16789,0.20503,0.04234,0.00039,0.00304,0.04696,0.06701,0.00113
4468,chr17,922049,924371,0.04359,0.11648,0.04662,0.03606,0.25173,0.00024,0.0002,0.25852,0.23498,0.00088
4472,chr17,1051566,1053107,0.1906,0.27907,0.09094,0.14669,0.01118,0.01562,0.0041,0.05121,0.03048,0.00463
4475,chr17,1487942,1492382,0.06343,0.13392,0.01402,0.02062,0.0146,0.13975,0.01148,0.23956,0.05107,0.07134
4491,chr17,2919491,2920526,0.07903,0.07742,0.02117,0.00218,0.23812,0.04038,0.08071,0.13901,0.09247,0.01364
4494,chr17,3430176,3433957,0.27284,0.19937,0.42302,0.32475,0.01567,0.06372,0.0107,0.13128,0.04913,0.02162
4497,chr17,3720163,3721221,0.25346,0.5718,0.45535,0.45552,0.18991,0.06704,0.05469,0.03819,0.05875,0.00158
4506,chr17,5133415,5134931,0.14597,0.17961,0.10775,0.00452,0.3969,0.0019,0.09107,0.36398,0.20262,0.06643
4520,chr17,6986087,6987322,0.35823,0.30711,0.36921,0.34896,0.01109,0.00655,2e-05,0.03243,0.01085,0.00936
4528,chr17,8249530,8250887,0.25709,0.13607,0.17642,0.23589,0.03923,0.01139,0.0008,0.00856,0.02971,0.00672
4529,chr17,8714530,8718147,0.00154,0.08775,0.07562,0.06033,0.06484,0.10844,0.04414,0.23482,0.00175,0.21838
4538,chr17,11484624,11490079,0.09331,0.21705,0.12094,0.09108,0.0361,0.00611,0.00021,0.0101,0.02757,0.00375
4562,chr17,20656547,20660075,0.16779,0.29169,0.21717,0.24433,0.05525,0.02918,0.0382,0.00351,0.00133,0.00054
4567,chr17,21253388,21806306,0.04202,0.188,0.01328,0.09852,0.05233,0.07866,0.00882,0.22012,0.0241,0.15248
4569,chr17,21826056,21846504,0.2324,0.52444,0.10466,0.35863,0.23936,0.05023,0.06322,0.43065,0.07275,0.20992
4570,chr17,21869270,21958092,0.12189,0.25964,0.35602,0.14392,0.02706,0.05688,0.00106,0.00485,0.01697,0.04361
4679,chr17,29395223,29399494,0.00488,0.27679,0.0093,0.00772,0.22389,0.00125,0.0003,0.1619,0.22473,0.00044
4725,chr17,44205091,44214989,0.44189,0.52916,0.66914,0.32994,0.00757,0.07632,0.03497,0.04112,0.07843,0.22532
4746,chr17,48950974,48953306,0.0,0.09183,0.05934,0.03335,0.08903,0.05698,0.03292,0.28314,0.01795,0.17967
4763,chr17,52413830,52416886,0.11493,0.16734,0.19566,0.24643,0.00675,0.03222,0.0611,0.00984,0.02796,0.00699
4773,chr17,54650671,54658624,0.2387,0.10919,0.36646,0.14857,0.04653,0.03206,0.01873,0.14103,0.00562,0.09201
4796,chr17,60154656,60156448,0.11072,0.21045,0.01587,0.03968,0.01834,0.12001,0.03036,0.19843,0.09301,0.08333
4799,chr17,61203477,61205612,0.09657,0.24668,0.231,0.17593,0.07817,0.10593,0.03379,0.00741,0.01051,0.03437
4800,chr17,61371408,61372833,0.21491,0.26707,0.2099,0.23045,0.02556,0.01965,0.02175,0.0,0.0,0.0
4825,chr17,73760658,73768724,0.34154,0.24106,0.63245,0.36685,0.04226,0.08899,0.0015,0.25168,0.03128,0.12645
4864,chr17,81389824,81391366,0.05072,0.10604,0.21967,0.01827,0.01315,0.0946,0.00517,0.03422,0.02936,0.11401
4866,chr17,81562779,81924237,0.29373,0.14899,0.22115,0.39581,0.00838,0.01666,0.01134,9e-05,0.03047,0.06492
4872,chr17,82420527,82421564,0.00044,0.24931,0.07076,0.02736,0.22714,0.08112,0.0205,0.48499,0.14149,0.1855
4907,chr18,447293,458397,0.03773,0.00624,0.15623,0.13519,0.07221,0.04607,0.03092,0.22541,0.19916,0.00243
4915,chr18,3508501,3510482,0.13544,0.20032,0.12476,0.17072,0.02556,0.00107,0.02175,0.0211,0.0,0.01846
4951,chr18,13836128,13837912,0.15526,0.11227,0.15677,0.20622,0.01044,0.00266,0.02089,0.02205,0.054,0.01846
4967,chr18,15556426,15639602,0.06684,0.21937,0.31839,0.28526,0.04419,0.0945,0.07913,0.01082,0.0061,0.00072
5002,chr18,24517723,24518952,0.15123,0.46579,0.09515,0.16867,0.12891,0.00914,8e-05,0.22194,0.14262,0.01299
5003,chr18,24605089,24606394,0.04764,0.02912,0.12811,0.05473,0.12458,0.02649,0.00025,0.21944,0.14245,0.02198
5004,chr18,26362481,26365998,0.15957,0.24692,0.44018,0.40834,0.01037,0.16126,0.11127,0.1149,0.06536,0.0179
5051,chr18,40874828,40881685,0.04874,0.03901,0.00099,0.24208,0.00211,0.0332,0.09475,0.025,0.13432,0.20167
5069,chr18,46588110,46589523,0.00849,0.2168,0.10446,0.06112,0.25202,0.16116,0.11202,0.02698,0.06675,0.00933
5076,chr18,48863145,48867383,0.20907,0.28639,0.02401,0.2403,0.01588,0.13388,0.00862,0.22874,0.00133,0.19566
5080,chr18,49637477,49638898,0.16438,0.24184,0.05088,0.05921,0.01735,0.03714,0.04042,0.08752,0.09611,1e-05
5088,chr18,50545667,50551719,0.17661,0.09165,0.15845,0.20324,0.02726,0.00107,0.02175,0.03012,0.05789,0.01846
5106,chr18,56464467,56466439,0.00427,0.31597,0.00407,0.0291,0.34991,0.0,0.05859,0.34258,0.20451,0.06473
5125,chr18,62783369,62784722,0.13196,0.21905,0.00132,0.03916,0.04225,0.21209,0.04736,0.36563,0.14029,0.04703
5140,chr18,66297564,66299893,0.25231,0.24783,0.36072,0.36418,0.00173,0.02316,0.0292,0.04025,0.04774,0.0006
5145,chr18,66750489,66752039,0.17789,0.38636,0.21287,0.11035,0.13556,0.01461,0.00987,0.06494,0.1798,0.04219
5149,chr18,67489899,67498134,0.01224,0.15271,0.04379,0.00015,0.21516,0.02208,0.00844,0.25141,0.13354,0.03851
5166,chr18,71719182,72004255,0.00166,0.01481,0.00679,0.0892,0.0062,0.01739,0.07164,0.04947,0.03998,0.20679
5173,chr18,73546422,73551737,0.01395,0.33112,0.0,0.08333,0.26191,0.00969,0.04809,0.2498,0.11076,0.06098
5180,chr18,74844199,74846259,0.09341,0.28742,0.00498,0.05887,0.07365,0.05956,0.00361,0.26516,0.10762,0.03351
5189,chr18,78705265,78707592,0.13146,0.16897,0.18358,0.20222,0.00389,0.04044,0.04465,0.02338,0.02602,0.0
5192,chr18,78886848,78888635,0.0447,0.234,0.00046,0.00164,0.07289,0.0344,0.02795,0.2032,0.18843,0.0004
5193,chr18,79016300,79017362,0.14835,0.03398,0.0014,0.04537,0.26118,0.11623,0.26969,0.04877,0.00178,0.06775
5199,chr18,79286002,79288104,0.45555,0.11636,0.33415,0.15384,0.16594,0.01246,0.15672,0.08516,0.00176,0.0772
5203,chr18,79758433,79759561,0.10182,0.12651,0.2183,0.12377,0.00137,0.0634,0.00293,0.0461,0.0003,0.04649
5205,chr18,79805872,79807850,0.05209,0.23462,0.13102,0.21561,0.09056,0.03073,0.07981,0.01367,0.00098,0.00871
5213,chr18,80161345,80162924,0.00617,0.04961,0.1355,0.00452,0.08953,0.10568,3e-05,0.2833,0.07513,0.09619
5222,chr19,243616,265642,0.27109,0.3484,0.36141,0.28847,0.01457,0.04211,0.0048,0.00895,0.00207,0.01771
5223,chr19,308915,310807,0.18349,0.21525,0.2426,0.13171,0.00221,0.01356,0.01136,0.00497,0.02323,0.05099
5224,chr19,312002,319091,0.13001,0.00331,0.14364,0.01876,0.19491,0.01965,0.08569,0.21577,0.04178,0.13158
5226,chr19,342643,343699,0.15038,0.03394,0.30204,0.19137,0.04929,0.07388,0.00295,0.18801,0.07791,0.06782
5227,chr19,348457,349500,0.22449,0.20062,0.13144,0.20445,0.00035,0.01969,0.00106,0.0213,0.00237,0.01209
5228,chr19,379464,381924,0.0065,0.02974,0.05407,0.02952,0.0734,0.02562,0.00915,0.21898,0.13778,0.0037
5229,chr19,424119,425143,0.04015,0.03944,0.20385,0.04043,0.0,0.06991,0.0,0.06906,0.0,0.07004
5261,chr19,2748051,2749292,0.40654,0.29356,0.43697,0.18086,0.04701,0.0157,0.06211,0.10534,0.00613,0.10768
5266,chr19,3149113,3150710,0.06657,0.0002,0.22633,0.08918,0.08716,0.08571,0.00182,0.32258,0.13027,0.07815
5272,chr19,3694447,3695768,0.10938,0.07065,0.20669,0.3628,0.01264,0.01506,0.06967,0.05766,0.15411,0.01758
5281,chr19,4494824,4496815,0.39678,0.68654,0.61662,0.53005,0.17773,0.11707,0.05845,0.00597,0.0267,0.00819
5288,chr19,4870189,4873311,0.28385,0.28547,0.16014,0.11669,0.00118,0.0157,0.04774,0.02163,0.05522,0.00719
5303,chr19,7144165,7145618,0.10551,0.00194,0.2194,0.2306,0.14453,0.03755,0.03808,0.28508,0.29384,2e-05
5307,chr19,7599993,7600996,0.00606,0.1095,0.00766,0.08767,0.16164,0.00027,0.06209,0.15707,0.31506,0.05392
5320,chr19,8333327,8336068,0.18704,0.04624,0.22249,0.09309,0.06916,0.02514,0.02886,0.12771,0.00901,0.08166
5356,chr19,12056643,12063341,0.15665,0.23686,0.18452,0.17856,0.03876,0.0299,0.0091,0.0,0.01634,0.01282
5360,chr19,12574322,12575905,0.00353,0.06311,0.06542,0.0,0.08062,0.03601,0.00263,0.20119,0.0499,0.05449
5364,chr19,12767029,12768185,0.27334,0.06378,0.09438,0.25986,0.09712,0.09673,0.0003,7e-05,0.0849,0.08829
5385,chr19,16062296,16067794,0.07251,0.00786,0.15501,0.20644,0.03928,0.01301,0.02592,0.11444,0.16048,0.00241
5400,chr19,19827943,19829331,0.02793,0.09687,2e-05,0.21784,0.03241,0.02208,0.10091,0.07048,0.01084,0.17847
5415,chr19,21858857,21861380,0.0694,0.21848,0.07513,0.01642,0.0442,0.00014,0.01461,0.04038,0.10129,0.01821
5422,chr19,23417124,23418770,0.0463,0.36472,0.04811,0.13972,0.24405,8e-05,0.0369,0.3304,0.14902,0.04138
5463,chr19,30347124,30349048,0.00093,0.15757,6e-05,0.14708,0.18948,0.00147,0.13042,0.17576,0.50014,0.1571
5491,chr19,37714826,37719534,0.05978,0.22468,0.00317,0.00166,0.08855,0.03149,0.03836,0.15209,0.17059,0.00026
5492,chr19,37903268,37917990,0.1196,0.14465,0.28948,0.05469,0.01742,0.06372,0.02183,0.00909,0.05636,0.14195
5526,chr19,42927389,42930059,0.45207,0.31089,0.41973,0.4007,0.03848,0.00011,0.00157,0.03271,0.02289,0.00088
5534,chr19,43744129,43801510,0.0421,0.25076,0.20822,0.1051,0.09007,0.07192,0.01303,0.00042,0.04094,0.03179
5537,chr19,43923691,43925173,0.01065,0.18739,0.01656,0.03754,0.21724,0.0423,0.07134,0.09409,0.08996,0.00282
5548,chr19,46496315,46502728,0.2496,0.31694,0.0033,0.0761,0.00077,0.1783,0.04762,0.23046,0.06773,0.04628
5555,chr19,48013575,48020693,0.2187,0.10369,0.17957,0.23351,0.01913,0.00176,0.00246,0.00873,0.0312,0.00776
5557,chr19,48226432,48228321,0.06949,0.00975,0.23499,0.2108,0.03099,0.06322,0.04327,0.17582,0.14889,0.00338
5564,chr19,49141519,49142929,0.15121,0.28343,0.01203,0.19749,0.03096,0.17122,0.00525,0.27725,0.00997,0.21838
5574,chr19,54001489,54002559,0.04123,0.15321,0.01649,0.02133,0.43073,0.17696,0.19995,0.1296,0.13088,0.00025
5576,chr19,54717947,54735650,0.10017,0.15572,0.02558,0.00341,0.40433,0.03417,0.07593,0.26105,0.18447,0.01216
5580,chr19,55663546,55664785,0.22407,0.31623,0.28469,0.28798,0.03132,0.06248,0.03836,0.01538,0.00108,0.01282
5603,chr19,57379389,57386147,0.05239,0.45449,0.0078,0.00708,0.2731,0.02065,0.0235,0.3541,0.37618,5e-05
5625,chr19,58949177,58950955,0.08018,4e-05,0.00516,0.07415,0.06796,0.10231,0.2412,0.00338,0.05292,0.04309
5632,chr19,59755439,59765724,0.14804,0.09591,0.21325,0.17078,0.00553,0.02587,0.00336,0.04101,0.01493,0.01176
5658,chr2,417650,418963,0.23859,0.2633,0.17807,0.29458,0.00118,0.00461,0.01102,0.0099,0.00517,0.02777
5663,chr2,931296,932442,0.05129,0.05617,0.05887,0.00629,0.0,0.24026,0.10571,0.25687,0.11419,0.04251
5669,chr2,1222176,1225984,0.1308,0.12322,0.25127,0.17411,0.00069,0.04331,0.00527,0.05518,0.01009,0.02312
5679,chr2,1618727,1619741,0.19751,0.23134,0.33798,0.18129,0.00059,0.05424,0.00086,0.04898,0.00312,0.07713
5694,chr2,3612913,3613978,0.00309,0.43565,0.00051,0.14612,0.44586,0.00092,0.1714,0.41387,0.13184,0.15027
5698,chr2,4188446,4199086,0.03193,0.00709,0.33297,0.09934,0.05226,0.2091,0.02129,0.34627,0.12307,0.11764
5704,chr2,5041889,5045014,0.08329,0.22371,0.02935,0.21587,0.03945,0.01878,0.04267,0.12821,0.00016,0.14505
5725,chr2,9813251,9816824,0.20313,0.37538,0.17349,0.27584,0.04167,0.00167,0.00971,0.09511,0.02201,0.02865
5728,chr2,10039434,10043099,0.01774,0.0082,0.13068,0.20695,0.00107,0.05936,0.11713,0.06009,0.1122,0.01357
5739,chr2,11878759,11911661,0.12235,0.01409,0.03359,0.01917,0.07103,0.2897,0.05944,0.11249,0.00068,0.1498
5795,chr2,32915420,32918458,0.17821,0.09776,0.20788,0.10556,0.0268,2e-05,0.01314,0.03353,0.00178,0.0173
5796,chr2,33045099,33047929,0.01322,0.40585,0.06615,0.01677,0.31595,0.025,0.00042,0.17641,0.2822,0.01793
5799,chr2,33670508,33672286,0.11877,0.25123,0.09379,0.06276,0.04018,0.00036,0.01235,0.04529,0.09835,0.00783
5800,chr2,33921049,33949512,0.1561,0.25069,0.13927,0.02379,0.03304,0.00036,0.09559,0.02429,0.21418,0.09547
5802,chr2,34346737,34348802,0.09464,0.32642,0.00692,0.01342,0.07293,0.04218,0.03307,0.21934,0.2004,0.0008
5837,chr2,41515042,41516680,0.10078,0.29127,0.00186,0.02728,0.11011,0.09027,0.0282,0.32791,0.21044,0.01763
5874,chr2,51695867,51697050,0.21383,0.0,0.13058,0.09309,0.19746,0.02482,0.06874,0.12171,0.08573,0.01235
5877,chr2,52518857,52554435,0.04525,0.36824,0.32466,0.20475,0.21719,0.16374,0.07924,0.01318,0.04561,0.01225
5881,chr2,53327293,53328997,0.26984,0.36675,0.25022,0.27929,0.05226,0.00223,0.00496,0.04274,0.03307,0.00054
5882,chr2,53394983,53397219,0.31006,0.12559,0.32175,0.25626,0.07585,0.00655,0.00429,0.10459,0.04622,0.02189
5909,chr2,57833446,57837645,0.20042,0.23238,0.1213,0.26288,0.0105,0.00745,0.01775,0.02827,0.00068,0.04075
5931,chr2,63320572,63345145,0.07039,0.03944,0.24922,0.04459,0.01107,0.05979,0.00454,0.12957,0.00114,0.09706
5943,chr2,65609921,65612010,0.27244,0.2077,0.33165,0.20402,0.00365,0.01515,0.00633,0.02591,0.00016,0.03985
5961,chr2,71126428,71131767,0.18702,0.22603,0.19427,0.21371,0.0056,0.01965,0.02175,0.00759,0.00847,0.0
5987,chr2,77435669,77437023,0.16173,0.22707,0.17639,0.19448,0.02556,0.01965,0.02175,0.0,0.0,0.0
5989,chr2,78079898,78474946,0.39961,0.40959,0.24334,0.40932,0.00035,0.03466,0.00771,0.03022,0.01132,0.06153
6001,chr2,82430039,82555548,0.06175,0.3293,0.09,0.14075,0.16438,0.00536,0.02666,0.12706,0.05868,0.00933
6013,chr2,87365771,87373491,0.01621,0.11839,0.00161,0.00729,0.20651,0.0294,0.00164,0.10988,0.17885,0.01773
6014,chr2,87403687,87406170,0.00142,0.3351,0.04947,0.0005,0.29486,0.03447,0.00023,0.14819,0.32791,0.04267
6017,chr2,90934826,90937098,0.17721,0.3612,0.25962,0.23432,0.04222,0.01568,0.02536,0.00659,0.00059,0.00466
6019,chr2,90996020,90998293,0.20421,0.19351,0.47164,0.39151,0.00119,0.21904,0.10969,0.13297,0.06344,0.02508
6020,chr2,90998345,91404555,0.08908,0.00993,0.01675,0.02024,0.0462,0.21051,0.02409,0.05997,0.00271,0.0869
6042,chr2,96409484,96438371,0.26157,0.11243,0.03774,0.0127,0.02432,0.09616,0.17431,0.01957,0.05426,0.00908
6048,chr2,97678516,97766361,0.03411,0.13734,0.00625,0.0988,0.05966,0.11224,0.03565,0.27888,0.00254,0.23979
6055,chr2,99945908,99947215,0.14845,0.03474,0.0039,0.00331,0.26026,0.19845,0.17959,0.01475,0.01497,2e-05
6080,chr2,109152045,109156247,0.00048,0.15019,0.06905,0.05982,0.11727,0.07204,0.06204,0.37695,0.34096,0.00045
6088,chr2,111638888,111640327,0.05234,0.02391,0.15014,0.02358,0.13262,0.3194,0.13347,0.06956,2e-05,0.07082
6090,chr2,111672765,111724260,0.00373,0.11025,0.03506,0.03294,0.0807,0.01997,0.06794,0.01686,0.26822,0.1514
6095,chr2,112565724,112566843,0.00033,0.24182,0.01263,0.00411,0.29874,0.01411,0.00953,0.22194,0.36455,0.04681
6106,chr2,116168410,116170599,0.31542,0.0,0.02283,0.01786,0.29418,0.21352,0.2348,0.0211,0.01634,0.00026
6107,chr2,116362922,116369082,0.27967,0.00041,0.24118,0.16217,0.30699,0.00308,0.02156,0.28234,0.18746,0.00926
6113,chr2,117999870,118001083,0.02703,0.01387,0.23433,0.0771,0.00311,0.13517,0.01503,0.17947,0.03315,0.0721
6118,chr2,119329024,119335077,0.10256,0.06745,0.20964,0.00502,0.31015,0.0532,0.06232,0.44984,0.10203,0.17759
6144,chr2,127395796,127399240,0.05051,0.12802,0.00085,0.02734,0.05226,0.09019,0.00517,0.2381,0.08573,0.05338
6181,chr2,131698034,131712450,0.36663,0.22693,0.28826,0.06645,0.02942,0.0052,0.19303,0.01114,0.06392,0.13725
6185,chr2,131898917,131901007,0.31492,0.43641,0.26907,0.35036,0.08019,6e-05,0.01922,0.05747,0.03307,0.01328
6188,chr2,132443310,132482651,0.00571,0.20489,0.17444,0.11808,0.14629,0.12795,0.07736,0.00211,0.00875,0.00275
6206,chr2,134648653,134652083,0.30712,0.00025,0.30099,0.06018,0.30154,0.0005,0.12864,0.30745,0.05819,0.12525
6213,chr2,135887647,135916351,6e-05,0.01997,0.06926,0.06127,0.01834,0.08149,0.06851,0.01381,0.12757,0.23972
6214,chr2,136274027,136277978,0.13212,0.25538,0.39857,0.15594,0.01856,0.13347,0.00104,0.07871,0.01074,0.12118
6239,chr2,143616776,143618351,0.11308,0.30122,0.2363,0.25112,0.0537,0.01803,0.01237,0.00988,0.02022,0.00134
6242,chr2,144828072,144994247,0.09055,0.30032,0.03107,0.07927,0.06817,0.02281,0.00429,0.17301,0.12299,0.01326
6245,chr2,146532799,146536472,0.13299,0.42551,0.22263,0.1199,0.13897,0.01188,8e-05,0.07748,0.13604,0.01347
6246,chr2,146553768,146568015,0.09626,0.42307,0.28144,0.1076,0.19245,0.05456,0.00042,0.06082,0.17153,0.04534
6247,chr2,146712029,146713555,0.37151,0.40127,0.41996,0.31638,0.00084,0.06248,0.00544,0.04865,0.01051,0.09887
6250,chr2,147633927,147639388,0.02737,0.03832,0.09395,0.10778,0.13,0.04167,0.04921,0.24095,0.26537,0.00026
6264,chr2,151417270,151418403,0.03509,0.11256,0.00911,0.02507,0.02948,0.00857,0.1344,0.06165,0.23691,0.07972
6271,chr2,154492145,154495547,0.16112,0.06991,0.28324,0.20445,0.03868,0.01045,0.00022,0.09824,0.04097,0.01638
6292,chr2,165615515,165617566,0.04924,0.05032,0.07569,0.05186,0.17576,0.00886,0.00049,0.20047,0.17245,0.00483
6294,chr2,167146923,167147996,0.40853,0.19475,0.31175,0.09132,0.10132,0.01246,0.1883,0.04235,0.02249,0.11503
6295,chr2,167282329,167283818,0.02533,0.04414,0.13796,0.0139,0.1379,0.06595,0.00296,0.32014,0.1259,0.1176
6297,chr2,167446398,167452654,0.11435,0.06006,0.06883,0.03112,0.24518,0.01991,0.0637,0.18257,0.14015,0.02142
6304,chr2,169724656,169730723,0.05972,0.21564,0.04987,0.15688,0.07231,2e-05,0.03887,0.07788,0.01634,0.04234
6318,chr2,173176216,173177981,0.07933,0.2903,0.04615,0.09309,0.08396,0.01651,0.00092,0.15118,0.10334,0.01364
6326,chr2,175131319,175132397,0.20131,0.21564,0.16696,0.1843,0.0,0.0,0.0,0.0,0.0,0.0
6330,chr2,175970639,175976691,0.18672,0.0429,0.19622,0.11397,0.39583,0.00185,0.00916,0.42662,0.29252,0.01851
6340,chr2,178428568,178429841,0.23607,0.07736,0.08899,0.03011,0.03028,0.05068,0.10605,0.00025,0.01389,0.01564
6378,chr2,189191943,189204865,0.0589,0.20261,0.04786,0.14076,0.05744,0.00078,0.0263,0.10418,0.00901,0.05338
6394,chr2,194679853,194836595,0.034,0.14347,0.30759,0.20164,0.03322,0.16862,0.07372,0.09231,0.01241,0.05306
6445,chr2,211384376,211395872,0.05565,0.03615,0.08087,0.20992,0.00143,0.00313,0.07303,0.00806,0.08747,0.04684
6458,chr2,214494153,214495663,0.21427,0.1279,0.09599,0.07344,0.05931,0.08309,0.11613,0.00038,0.01051,0.00667
6511,chr2,228882175,228886166,0.02954,0.01024,0.02597,0.23063,0.00519,2e-05,0.12203,0.00496,0.16424,0.10548
6512,chr2,229067354,229069905,0.21604,0.23112,0.15233,0.19809,0.0,0.01991,0.0,0.0211,0.0,0.01846
6534,chr2,233482031,233483036,0.40465,0.40325,0.48086,0.486,0.00364,0.00964,0.00464,0.03197,0.02184,0.00326
6545,chr2,235137012,235138588,0.30677,0.20275,0.15326,0.08014,0.02586,0.04492,0.12308,0.00289,0.04017,0.0226
6552,chr2,238033743,238035288,0.16894,0.19563,0.23901,0.15412,2e-05,0.0005,0.00155,0.00084,0.00146,0.00463
6556,chr2,239064380,239066378,0.07722,0.07124,0.23247,0.00725,0.25388,0.04921,0.04056,0.50543,0.16234,0.18703
6574,chr2,241406869,241408253,0.00139,0.02015,0.07605,0.26229,0.01284,0.07526,0.27651,0.03006,0.2044,0.08691
6576,chr2,241476362,241480592,0.0276,0.0418,0.05643,0.03229,0.00091,0.17587,0.00012,0.2155,0.0004,0.23115
6592,chr20,168288,226898,0.32332,0.30144,0.3791,0.37469,0.00395,0.06842,0.02768,0.08356,0.04541,0.03056
6597,chr20,1305643,1308426,0.06575,0.42392,0.00618,0.01139,0.22419,0.02986,0.01812,0.34661,0.2994,0.00093
6599,chr20,1457687,1459352,0.20398,0.36025,0.07814,0.22187,0.03691,0.0488,0.00036,0.17337,0.03267,0.06598
6604,chr20,2853016,2856437,0.12831,0.01001,0.2455,0.01766,0.07378,0.02988,0.05889,0.17973,0.00107,0.16471
6609,chr20,7459253,7464137,0.01139,0.07574,0.0066,0.05612,0.11085,0.02858,0.01434,0.0471,0.20745,0.08664
6613,chr20,7759841,7763966,0.02046,0.30663,0.0156,0.00969,0.22674,0.00028,0.00195,0.27617,0.26367,0.00085
6625,chr20,12511232,12519430,0.20692,0.23592,0.18612,0.14873,0.00124,6e-05,0.00456,0.00178,0.01016,0.00352
6649,chr20,16275911,16277738,0.07545,0.02774,0.25017,0.0761,0.02593,0.09162,2e-05,0.23317,0.02872,0.09434
6650,chr20,16307502,16309613,0.03019,0.10552,0.07557,0.00638,0.21915,0.17761,0.06097,0.00068,0.06711,0.05047
6654,chr20,18260042,18261691,0.05047,0.14966,0.05866,0.04568,0.36403,0.00164,3e-05,0.38178,0.35272,0.00214
6682,chr20,26088590,26198771,0.06055,0.09148,0.20466,0.04384,0.00306,0.04545,0.00045,0.02359,0.00533,0.04983
6696,chr20,26870752,26897088,0.05747,0.10226,0.03255,0.01518,0.2371,0.00219,0.01201,0.20493,0.16845,0.00358
6701,chr20,27136721,27171371,0.15083,0.08196,0.11947,0.02399,0.24516,2e-05,0.04618,0.20279,0.10015,0.03692
6705,chr20,27245651,27284514,0.05526,0.09536,0.01381,5e-05,0.23609,0.01019,0.05926,0.15851,0.15879,0.01749
6740,chr20,30320532,30327470,0.14135,0.31957,0.18515,0.23364,0.12458,0.02105,0.04892,0.06494,0.03307,0.00699
6741,chr20,30429214,30431620,0.2425,0.28996,0.17843,0.35748,0.01135,0.00392,0.03564,0.024,0.00493,0.0579
6749,chr20,30843678,30849013,0.14851,0.28234,0.10244,0.16182,0.10944,0.00284,0.00401,0.12171,0.08573,0.01235
6757,chr20,30938274,30943686,0.08023,0.30188,0.25064,0.2535,0.07108,0.04495,0.04606,0.00282,0.0029,0.0
6758,chr20,30996024,31479941,0.17508,0.20444,0.08091,0.21412,0.0022,0.02385,0.00457,0.03739,0.00038,0.04975
6763,chr20,31645371,31704518,0.20597,0.40957,0.12626,0.25188,0.08845,0.0115,0.00787,0.15289,0.04599,0.03823
6770,chr20,31971685,31976180,0.22823,0.30675,0.21961,0.26667,0.03876,0.0062,0.03305,0.0211,0.0,0.01846
6771,chr20,31986666,31989724,0.46409,0.46889,0.43358,0.50679,0.00031,0.00432,0.00324,0.0066,0.00148,0.01588
6780,chr20,34346731,34349957,0.50695,0.46902,0.56876,0.52631,0.01306,0.00681,0.00202,0.04062,0.02526,0.00131
6782,chr20,34664362,34668266,0.02534,0.13731,0.01363,0.04398,0.09465,0.09409,0.00553,0.31715,0.06775,0.13808
6786,chr20,35425585,35427650,0.09683,0.25754,0.09383,0.21377,0.06218,2e-05,0.03685,0.05974,0.00549,0.03838
6833,chr20,46434430,46436641,0.26152,0.31729,0.28299,0.28789,0.01158,0.04044,0.01781,0.01538,0.00108,0.01282
6837,chr20,47456485,47487606,0.37049,0.0267,0.31073,0.05437,0.23184,0.0007,0.20077,0.18695,0.0045,0.16408
6864,chr20,53914092,53915830,0.03344,0.27862,0.02242,0.17148,0.14528,0.00132,0.06335,0.15521,0.02131,0.07968
6873,chr20,55609808,55611397,0.29393,0.30353,0.07494,0.06679,0.00046,0.08156,0.10111,0.08675,0.10744,0.00069
6881,chr20,57634804,57640809,0.21954,0.07627,0.17843,0.03887,0.05646,0.0062,0.09395,0.03017,0.00617,0.06806
6890,chr20,58998562,59004196,0.1447,0.22569,0.15485,0.17405,0.05226,0.01352,0.01781,0.0211,0.01634,0.00026
6901,chr20,62986168,62987522,0.0864,0.07027,0.24566,0.26537,8e-05,0.11386,0.12324,0.0708,0.0802,0.00016
6906,chr20,63572421,63574012,0.15671,0.23458,0.15549,0.0572,0.00726,0.00042,0.03313,0.01185,0.07423,0.03103
6915,chr20,64539993,64542141,0.00262,0.05446,0.10145,0.07472,0.081,0.13725,0.08498,0.23133,0.20688,0.02604
6932,chr20,66037517,66082535,0.19237,0.05711,0.24523,0.12848,0.04178,0.00455,0.00491,0.07031,0.01675,0.01898
6937,chr21,130887,132684,0.07948,0.40593,0.05598,0.01989,0.20387,0.00209,0.02334,0.2126,0.29263,0.01198
6947,chr21,5647007,5684952,0.10885,0.25702,0.20549,0.16619,0.04044,0.02032,0.00626,0.0031,0.01579,0.00471
6989,chr21,8882287,8903701,0.22129,0.09317,0.18759,0.17502,0.07485,1e-05,0.0087,0.06475,0.04044,0.00841
7036,chr21,11788860,11790173,0.48191,0.28513,0.28871,0.17134,0.06317,0.08131,0.15139,0.00145,0.02527,0.01616
7046,chr21,13571530,13574604,0.2346,0.3747,0.34849,0.39753,0.03787,0.03098,0.05469,9e-05,0.00221,0.00296
7059,chr21,17825036,17831431,0.13652,0.24896,0.20466,0.16224,0.04288,0.04158,0.00553,0.00029,0.01896,0.02142
7070,chr21,19460314,19463482,0.28471,0.29181,0.32267,0.14251,6e-05,0.01103,0.04543,0.0086,0.04618,0.09627
7082,chr21,21160314,21195690,0.02897,0.25507,0.0501,0.06861,0.12405,0.00243,0.01103,0.09504,0.05579,0.00383
7087,chr21,21743865,21745129,0.10252,0.38707,0.13573,0.12346,0.15742,0.00702,0.00081,0.09342,0.15376,0.00391
7094,chr21,22286792,22293388,0.0915,0.2194,0.06315,0.09255,0.03721,0.00295,0.00031,0.05519,0.02798,0.00483
7111,chr21,26056686,26059662,0.29074,0.28985,0.13373,0.17349,0.00029,0.04089,0.04408,0.03584,0.03841,0.00018
7115,chr21,26703513,26704602,0.00167,0.22929,0.11429,0.02797,0.1835,0.14068,0.04157,0.40299,0.31145,0.06831
7159,chr21,39743260,39802633,0.4663,0.48354,0.55476,0.36818,0.00022,0.01823,0.01052,0.01414,0.01366,0.05403
7161,chr21,40006337,40007950,0.09679,0.25764,0.05715,0.20835,0.061,0.0131,0.02055,0.11111,0.01354,0.06893
7168,chr21,41607572,41617479,0.05045,0.06172,0.0296,0.00088,0.2106,0.00144,0.06575,0.16234,0.04868,0.0433
7175,chr21,42569928,42599476,0.03891,0.01782,0.18474,0.07404,0.09488,0.0539,0.00363,0.28889,0.15783,0.03574
7187,chr21,44002349,44004192,0.17152,0.50101,0.14394,0.18512,0.22533,8e-05,0.00402,0.18226,0.15624,0.00243
7192,chr21,44430930,44432388,0.00344,0.2093,0.11275,0.24832,0.1055,0.04484,0.12905,0.01914,0.00309,0.04031
7206,chr22,82078,265916,0.22316,0.36651,0.24988,0.246,0.11917,0.00544,0.00777,0.07559,0.07199,0.00026
7208,chr22,287695,349819,0.15175,0.03961,0.16563,0.22717,0.01277,0.05481,0.0143,0.08241,0.0444,0.02672
7231,chr22,3844223,3857823,0.02247,0.00898,0.07848,0.00408,0.00815,0.21445,0.07416,0.16742,0.03709,0.06069
7278,chr22,11922688,11935148,0.13795,0.0692,0.24421,0.05714,0.01924,0.02007,0.01874,0.08199,4e-05,0.07991
7284,chr22,12029713,12036944,0.40524,0.35251,0.33326,0.40167,0.00469,0.0033,0.00059,0.0001,0.00797,0.00638
7446,chr22,15980420,16039752,0.20319,0.19548,0.18021,0.11517,0.00051,0.00231,0.01217,0.0042,0.00791,0.01795
7447,chr22,16042466,16044385,0.17611,0.27618,0.15255,0.13476,0.01966,0.0003,0.00319,0.02385,0.03732,0.00156
7456,chr22,16573207,16578147,0.07025,0.31369,0.0571,0.04594,0.09779,0.00144,0.00249,0.15211,0.13466,0.00025
7457,chr22,16595769,16598106,0.1968,0.09816,0.13342,0.36324,0.05057,0.03204,0.05563,0.00153,0.19209,0.15082
7465,chr22,16891328,16913766,0.14372,0.16369,0.07933,0.26783,0.02424,0.00543,0.0806,0.03602,0.01157,0.09651
7479,chr22,17528745,17532581,0.16494,0.20446,0.1578,0.17439,0.01264,0.00969,0.01073,0.0,0.0,0.0
7490,chr22,18544363,18548977,0.07801,0.21554,0.16249,0.16764,0.0749,0.0526,0.04901,0.00126,0.00139,1e-05
7502,chr22,24005812,24008274,0.15777,0.00663,0.29916,0.17768,0.10731,0.04951,0.00077,0.24868,0.12693,0.04376
7527,chr22,30523523,30530580,0.0,0.25791,0.0,0.05469,0.22374,0.0,0.04715,0.18947,0.13429,0.03968
7531,chr22,31845030,31849239,0.01283,0.28235,0.00357,0.14095,0.31729,0.00293,0.20683,0.25871,0.04889,0.16042
7537,chr22,32793201,32797032,0.20356,0.00798,0.01157,0.05279,0.3201,0.30515,0.0742,0.00115,0.11889,0.12156
7545,chr22,36151875,36159947,0.10549,0.20329,0.1327,0.11054,0.03433,0.00946,0.00022,0.0211,0.0502,0.01089
7548,chr22,36677117,36678435,0.3459,0.31037,0.2164,0.18404,0.01278,0.0303,0.09457,0.00524,0.04031,0.01247
7556,chr22,38185102,38186243,0.1566,0.29054,0.07324,0.12858,0.03839,0.01648,0.00046,0.0989,0.04197,0.01024
7565,chr22,39368478,39373054,0.45033,0.04651,0.14959,0.2808,0.2779,0.13706,0.07014,0.03186,0.10791,0.02079
7578,chr22,41775842,41779342,0.01934,0.43533,0.0049,0.02028,0.55768,0.05348,0.09042,0.38133,0.33485,0.00575
7589,chr22,43186321,43189332,0.23984,0.01709,0.22013,0.24979,0.13975,0.0,0.00151,0.12819,0.15305,0.00141
7593,chr22,43913624,43915357,0.10541,0.27234,0.04054,0.01854,0.04401,0.01459,0.03855,0.10401,0.16046,0.00554
7607,chr22,45223094,45225383,0.02087,0.06172,0.2314,0.25339,0.01056,0.16975,0.18481,0.12466,0.13717,0.0
7610,chr22,45643326,45645731,0.22531,0.05654,0.20696,0.08111,0.09191,0.00969,0.09727,0.09453,0.00343,0.11494
7612,chr22,45742944,45745996,0.23685,0.17308,0.23545,0.21253,0.02486,0.01965,0.00042,0.05753,0.01852,0.02604
7623,chr22,47874803,47878221,0.00178,0.50247,0.0281,0.15418,0.49524,0.02058,0.14368,0.34291,0.17947,0.05243
7636,chr22,49532267,49534069,0.25798,0.04614,0.16887,0.06659,0.0771,0.0117,0.08874,0.03093,0.00021,0.03732
7638,chr22,49707802,49717453,0.23339,0.34555,0.0594,0.11152,0.01827,0.0941,0.02881,0.18352,0.08844,0.01842
7646,chr22,50533379,50535768,0.0001,0.05728,0.03984,0.00015,0.07812,0.04984,0.00069,0.24137,0.07534,0.07453
7655,chr22,51313529,51314814,0.0021,0.0,0.05238,0.14771,0.00214,0.04141,0.18366,0.05106,0.1388,0.31256
7661,chr3,477212,536899,0.31913,0.37759,0.31744,0.21257,0.00304,0.00406,0.02392,0.00029,0.04964,0.04704
7665,chr3,952614,953924,0.04119,0.08834,0.01468,0.03144,0.20881,0.00575,0.00079,0.1624,0.20497,0.0026
7670,chr3,1318204,1319337,0.17064,0.20857,0.16116,0.17802,0.01264,0.00969,0.01073,0.0,0.0,0.0
7680,chr3,3184983,3186419,0.01613,0.07822,0.20781,0.00044,0.13903,0.11327,0.02135,0.42451,0.06915,0.25602
7681,chr3,3435201,3437496,0.00507,0.22251,0.00677,0.00708,0.16412,0.02369,0.0001,0.22378,0.15775,0.03437
7689,chr3,5487412,5491298,0.06278,0.10442,0.05805,0.22819,0.01272,0.00013,0.07605,0.01353,0.02375,0.07642
7703,chr3,8275129,8276302,0.14158,0.20286,0.35223,0.0256,0.01078,0.03877,0.05669,0.00682,0.10226,0.20928
7716,chr3,10233116,10234594,0.00589,0.18249,0.0707,0.02935,0.1764,0.11623,0.01171,0.38961,0.14245,0.17919
7731,chr3,12653447,12656248,0.01308,0.52967,0.00336,0.30434,0.37749,0.00247,0.17795,0.43299,0.07662,0.22659
7736,chr3,13640160,13641250,0.07458,0.00709,0.23928,0.0958,0.09465,0.05416,0.00489,0.2657,0.11167,0.02198
7746,chr3,15806839,15808412,0.00423,0.29329,0.06426,0.01219,0.31425,0.03719,0.00197,0.44721,0.34731,0.0262
7749,chr3,16981110,16982195,0.13346,0.20606,0.03214,0.03461,0.01799,0.05312,0.05295,0.12866,0.12627,0.0
7765,chr3,21692438,21694676,0.13211,0.1141,0.23233,0.04204,0.00324,0.01532,0.0293,0.03579,0.01613,0.09231
7788,chr3,26392097,26406637,0.61709,0.69746,0.50755,0.65211,0.03818,0.02415,0.02768,0.11852,0.00065,0.09835
7789,chr3,26412070,26413401,0.45657,0.31106,0.58627,0.36405,0.06449,0.01431,0.03218,0.13746,0.00552,0.09201
7837,chr3,41390782,41392374,0.06492,0.07991,0.08597,0.00104,0.22952,0.01965,0.05636,0.23813,0.0862,0.08949
7838,chr3,41572703,41577031,0.12656,0.06872,0.27604,0.13059,0.00775,0.03411,0.00027,0.06856,0.01021,0.02751
7841,chr3,41791922,41797508,0.07077,0.15038,0.00022,0.01021,0.03876,0.09341,0.03487,0.21127,0.12307,0.01504
7855,chr3,48520651,48524473,0.19578,0.27248,0.21448,0.11977,0.03876,0.0299,0.02307,0.0,0.10417,0.08333
7861,chr3,49333417,49334701,0.06024,0.25776,0.00635,0.15247,0.1177,0.02735,0.03745,0.23109,0.03689,0.12104
7864,chr3,50334633,50342791,0.18238,0.19761,0.0174,0.01107,0.00088,0.1052,0.27487,0.11163,0.27632,0.06599
7865,chr3,50435661,50437112,0.0,0.28971,0.0,0.0,0.25277,0.0,0.0,0.21529,0.23445,0.0
7891,chr3,58589421,58591969,0.28406,0.21859,0.40011,0.39553,0.01091,0.05206,0.03298,0.09491,0.07496,0.00593
7927,chr3,68631153,68636636,0.01139,0.47456,0.00464,0.08262,0.40209,0.00149,0.03645,0.44364,0.26565,0.05545
7948,chr3,75456248,75466524,0.21512,0.26557,0.29505,0.20701,0.00321,0.05623,2e-05,0.04865,0.00441,0.08333
7953,chr3,76066931,76068069,0.06511,0.06251,0.07362,0.01585,0.26938,0.00696,0.03512,0.25112,0.16284,0.05254
7995,chr3,85592451,85598541,0.27463,0.49175,0.26142,0.10547,0.09117,0.00593,0.075,0.13438,0.27003,0.05064
8036,chr3,90478267,90482591,0.14862,0.12746,0.07212,0.21095,0.00162,0.01099,0.00471,0.00466,0.01227,0.03112
8044,chr3,90556418,90568075,0.22541,0.38451,0.23844,0.45,0.05067,1e-05,0.09805,0.05138,0.00806,0.10916
8087,chr3,98526261,98528755,0.07221,0.02061,0.00087,0.04733,0.1554,0.06696,0.21659,0.03043,0.00649,0.07098
8101,chr3,101400161,101404258,0.23476,0.23877,0.17349,0.18803,0.00069,0.01789,0.0125,0.0129,0.00814,0.0007
8102,chr3,101544907,101546261,0.19709,0.2572,0.1163,0.14203,0.00264,0.02188,0.01985,0.04505,0.04378,0.00041
8104,chr3,101930321,101936033,0.12986,0.00709,0.19794,0.04377,0.13696,0.00707,0.0453,0.20849,0.06775,0.09124
8113,chr3,104145527,104146741,0.0882,0.06358,0.305,0.07808,0.00093,0.11935,6e-05,0.10877,0.00124,0.09445
8115,chr3,104267025,104273093,0.11492,0.23577,0.03757,0.0124,0.02911,0.0356,0.06308,0.11334,0.1562,0.00699
8121,chr3,105544956,105546334,0.16827,0.19698,0.12208,0.26127,0.00546,0.00408,0.0158,0.01621,0.0013,0.03863
8129,chr3,108305176,108310211,0.26161,0.11434,0.15724,0.32476,0.03868,0.0448,0.00127,0.00017,0.05565,0.06787
8137,chr3,110038809,110041187,0.04301,0.31081,0.00811,0.17562,0.17577,0.08822,0.06803,0.39566,0.02386,0.25334
8178,chr3,123317297,123319984,0.12946,0.41133,0.0736,0.17844,0.11547,0.01139,0.00146,0.18299,0.10047,0.02444
8183,chr3,126591941,126600296,7e-05,0.24014,0.06992,0.01369,0.25952,0.08352,0.01306,0.52035,0.18127,0.15816
8185,chr3,127815442,127818159,0.01542,0.07211,0.03474,0.03667,0.14991,0.00405,0.09803,0.23098,0.00901,0.1658
8189,chr3,128492787,128502701,0.09973,0.26075,0.14917,0.12507,0.05168,0.00909,0.00115,0.01763,0.0435,0.00491
8191,chr3,128685887,128689951,0.08143,0.23669,0.17372,0.11989,0.0793,0.05058,0.00929,0.0026,0.03625,0.01928
8204,chr3,132068943,132074847,0.09039,0.24042,0.10334,0.20643,0.10944,0.0049,0.09433,0.08772,0.0,0.07742
8205,chr3,132083972,132108226,0.48309,0.15097,0.48822,0.47134,0.20085,0.00133,0.00123,0.2155,0.1839,0.00543
8208,chr3,133372542,133378084,0.01374,0.23721,0.16771,0.10092,0.17093,0.11934,0.0532,0.00227,0.03592,0.01738
8211,chr3,134485232,134525571,0.35045,0.09857,0.24922,0.18957,0.1466,0.01446,0.05932,0.06667,0.02304,0.01401
8212,chr3,134733853,134738922,0.37931,0.38803,0.22288,0.3909,0.00174,0.07155,0.00101,0.05973,8e-05,0.06346
8221,chr3,136530120,136531438,0.17343,0.24488,0.08387,0.29956,0.0105,0.02446,0.02175,0.06226,0.0015,0.10139
8275,chr3,151874102,151888864,0.13594,0.28971,0.43337,0.36447,0.0802,0.1327,0.13374,0.00273,0.00843,0.00199
8283,chr3,154181701,154187780,0.00174,0.05214,0.06404,0.00221,0.07293,0.05099,1e-05,0.23153,0.0916,0.07216
8302,chr3,159149032,159150545,0.34661,0.41895,0.20854,0.25895,0.00737,0.0212,0.01595,0.05143,0.04737,0.00105
8317,chr3,165569156,165683356,0.0,0.23664,0.02971,0.00888,0.24893,0.03667,0.01032,0.36595,0.30924,0.00858
8319,chr3,165821919,165826104,0.00955,0.13492,0.00564,0.01511,0.1111,0.03715,0.00107,0.26667,0.09622,0.05126
8321,chr3,166161170,166169927,0.1172,0.25996,0.05698,0.00434,0.04033,0.01043,0.0753,0.08441,0.19674,0.0319
8326,chr3,167367048,167376951,0.01123,0.11666,0.01386,0.02518,0.08482,0.06295,0.00467,0.24501,0.05541,0.10038
8342,chr3,169663462,169664524,0.04626,0.07949,0.07718,0.19117,0.15137,0.00434,0.02923,0.17568,0.28807,0.00856
8353,chr3,173129462,173130627,0.18176,0.22547,0.17507,0.19305,0.01264,0.00969,0.01073,0.0,0.0,0.0
8358,chr3,174953046,174954048,0.00792,0.22688,0.09037,0.00875,0.15859,0.04921,3e-05,0.04784,0.16437,0.05082
8362,chr3,175476166,175477563,0.00334,0.04616,0.11327,0.00254,0.07841,0.08249,5e-05,0.2733,0.0818,0.08708
8365,chr3,176307256,176358863,0.05407,0.00851,0.34002,0.00463,0.032,0.29843,0.02206,0.40948,0.0,0.27832
8369,chr3,178170221,178176946,0.15366,0.21308,0.0222,0.04995,0.00949,0.06663,0.03692,0.10983,0.07558,0.00559
8394,chr3,184276396,184279602,0.3125,0.32014,0.61554,0.27519,0.00282,0.1253,6e-05,0.08486,0.00174,0.10591
8396,chr3,185822881,185824019,0.00819,0.01239,0.12414,0.01246,0.05121,0.11552,0.04878,0.28985,0.00016,0.27305
8397,chr3,186379741,186380948,2e-05,0.2651,0.02072,3e-05,0.25456,0.0221,0.0001,0.40412,0.2494,0.01828
8398,chr3,186678431,186682810,0.00019,0.0374,0.17583,0.09152,0.05525,0.18594,0.09007,0.37746,0.22889,0.01307
8407,chr3,187568387,187570727,0.0603,0.11405,0.21006,0.03653,0.00886,0.07056,0.00184,0.03221,0.01736,0.08541
8416,chr3,189470043,189476095,0.21696,0.16476,0.27001,0.2523,0.00538,0.00767,0.00094,0.02429,0.01105,0.00386
8422,chr3,192462311,192469786,0.04566,0.11806,0.05665,0.00357,0.25695,0.0035,0.0864,0.25601,0.08131,0.10873
8423,chr3,192835947,192839113,0.11431,0.20864,0.0452,0.09189,0.01788,0.0179,0.00142,0.06683,0.02857,0.00978
8443,chr3,195852913,195862989,0.06361,0.27944,0.20423,0.0931,0.08879,0.04515,0.00221,0.01057,0.07124,0.03339
8449,chr3,197213765,197249962,0.04235,0.02572,0.08501,0.02698,0.14841,0.0233,0.00075,0.21417,0.10734,0.02396
8456,chr3,197762975,197764373,0.00102,0.24278,0.00111,0.05619,0.23065,0.00537,0.05035,0.25867,0.08478,0.0825
8458,chr3,198176395,198213326,0.00077,0.09218,0.00267,0.00189,0.21382,0.00188,0.00674,0.15513,0.127,0.01057
8461,chr3,198514843,198525874,0.0562,0.37153,0.00886,0.0434,0.18773,0.08482,0.00119,0.36408,0.21917,0.07584
8467,chr3,198767372,198768457,0.04049,0.67656,6e-05,0.03073,0.51682,0.03222,0.00135,0.61668,0.54947,0.02667
8482,chr3,200110590,200120006,0.12434,0.21317,0.06293,0.0532,0.01602,0.01227,0.02925,0.06234,0.1072,0.0027
8485,chr3,200249845,200251502,0.01269,0.00049,0.23174,0.0292,0.00804,0.15,0.00484,0.21039,0.02237,0.09429
8496,chr3,200845848,201104816,0.13441,0.01688,0.22109,0.11674,0.06347,0.02661,1e-05,0.14381,0.05455,0.02481
8508,chr4,668066,669373,0.08034,0.21202,0.12091,0.08344,0.05323,0.01267,0.00032,0.0144,0.04628,0.00936
8515,chr4,1093831,1095282,0.28385,0.12251,0.19054,0.28452,0.05438,0.01058,0.0,0.01636,0.05603,0.01187
8521,chr4,1826744,1827863,0.25193,0.16554,0.23257,0.20513,0.02554,0.00969,0.00708,0.03576,0.00939,0.02604
8530,chr4,4067561,4068705,0.03737,0.12467,0.07874,0.00059,0.34022,0.01584,0.04242,0.44605,0.22212,0.11421
8537,chr4,6007042,6009019,0.47115,0.60558,0.27254,0.43191,0.08019,0.06061,0.00142,0.21944,0.10417,0.04477
8546,chr4,7420336,7421339,0.18041,0.02911,0.21506,0.13482,0.09616,0.01028,0.00717,0.14761,0.05945,0.04166
8549,chr4,7453905,7454996,0.00527,0.15607,0.01692,0.00869,0.22232,0.00496,0.03314,0.23909,0.12659,0.05783
8553,chr4,7972656,7973754,0.12029,0.01125,0.1076,0.2642,0.07533,0.00186,0.02679,0.06695,0.21838,0.05678
8559,chr4,8923738,8926327,0.06819,0.21786,0.13712,0.05963,0.05902,0.02428,0.00021,0.00835,0.07462,0.03204
8560,chr4,8942012,8965755,0.1695,0.02165,0.01587,0.0003,0.21373,0.17204,0.13653,0.0,0.03307,0.02604
8568,chr4,9699664,9702806,0.20388,0.08872,0.32562,0.0632,0.02829,0.03933,0.03905,0.11265,0.0012,0.1317
8573,chr4,10366789,10376518,0.07332,0.00867,0.21933,0.04887,0.03248,0.02823,0.00266,0.13514,0.01663,0.05203
8595,chr4,16924215,16930708,0.26377,0.31514,0.31837,0.34737,0.00427,0.01002,0.01419,0.00102,0.00246,0.00036
8601,chr4,18313891,18320005,0.30173,0.1408,0.45239,0.07597,0.04214,0.0094,0.08961,0.09498,0.01058,0.17726
8604,chr4,19060375,19066475,0.07472,0.40112,0.13081,0.17232,0.25161,0.0067,0.06614,0.19893,0.05179,0.04194
8631,chr4,26191724,26194292,0.09782,0.00796,0.21064,0.14268,0.04331,0.02618,0.00215,0.12286,0.06905,0.01843
8654,chr4,31001302,31002327,0.08791,0.45715,0.09438,0.1129,0.26821,8e-05,0.00142,0.24585,0.234,0.00214
8677,chr4,35815305,35823776,0.05157,0.00012,0.19465,0.02114,0.06562,0.11074,0.00599,0.25714,0.02799,0.13682
8716,chr4,44931250,44971240,0.20863,0.0082,0.11216,0.15947,0.13585,0.02326,0.00568,0.05745,0.09453,0.00654
8717,chr4,44992067,44993798,0.09887,0.30754,0.0294,0.12911,0.10687,0.02383,0.00427,0.23202,0.07902,0.05004
8718,chr4,45176446,45177754,0.07068,0.16809,0.00377,0.22081,0.02781,0.03045,0.06108,0.09392,0.00572,0.14242
8722,chr4,46167625,46169856,0.08955,0.1054,0.12963,0.52575,0.00225,0.00205,0.27625,8e-05,0.19408,0.32092
8730,chr4,48943697,48960556,0.15491,0.00916,0.26589,0.06731,0.08608,0.01986,0.0186,0.17576,0.02581,0.07932
8732,chr4,49059060,49109378,0.48846,0.06515,0.3474,0.15972,0.2827,0.01268,0.18874,0.16462,0.02111,0.09237
8736,chr4,49533039,49570337,0.0032,0.00953,0.21068,0.04229,0.00163,0.20504,0.02733,0.19652,0.01898,0.08567
8738,chr4,55951848,55952852,0.2219,0.23984,0.17823,0.20039,0.00013,0.00092,0.00021,0.00171,0.00065,0.00026
8747,chr4,57657288,57658724,0.20802,0.29239,0.2315,0.2535,0.03876,0.0299,0.03305,0.0,0.0,0.0
8762,chr4,60675249,60725518,0.00181,0.05241,0.13232,0.07972,0.08019,0.10715,0.05855,0.26352,0.20939,0.01073
8779,chr4,63394636,63396169,0.09014,0.02477,0.12917,0.06886,0.19873,0.01307,0.00237,0.24936,0.17158,0.03095
8783,chr4,64856337,64857476,0.08713,0.10154,0.07055,0.0102,0.24819,0.0,0.17311,0.2112,0.04949,0.14881
8803,chr4,70106931,70116182,0.23511,0.09761,0.2069,0.20971,0.04331,0.00025,0.00129,0.03544,0.03153,0.00041
8809,chr4,71950858,71956898,0.03902,0.40504,0.00028,0.157,0.24391,0.03126,0.04944,0.37695,0.08127,0.14369
8823,chr4,73962442,73963604,0.08501,0.00751,0.19678,0.07891,0.06546,0.06013,4e-05,0.22266,0.06175,0.05203
8842,chr4,79161971,79163537,0.22823,0.26743,0.2102,0.23078,0.01264,0.00969,0.01073,0.0,0.0,0.0
8857,chr4,82775224,82777318,0.0,0.13133,0.00285,0.2942,0.12538,0.00366,0.30068,0.14431,0.03742,0.33993
8865,chr4,85337775,85339875,0.31367,0.14798,0.17128,0.34512,0.04752,0.02998,0.00171,0.00259,0.06595,0.05043
8869,chr4,86514932,86516061,0.21408,0.25003,0.24694,0.18969,0.00433,0.06597,0.00065,0.05333,0.00835,0.07386
8877,chr4,88979672,88981278,0.1907,0.20446,0.1578,0.17439,0.0,0.0,0.0,0.0,0.0,0.0
8883,chr4,90676131,90682186,0.16522,0.40678,0.1518,0.24107,0.16029,1e-05,0.02195,0.21127,0.10417,0.0251
8901,chr4,94367529,94373430,3e-05,0.00399,0.00247,0.20126,0.00296,0.00284,0.18607,0.01205,0.22536,0.15335
8910,chr4,95598578,95766149,0.24296,0.34614,0.00963,0.06768,0.00739,0.16446,0.09347,0.25601,0.172,0.02714
8922,chr4,100566187,100581081,0.14729,0.01556,0.07159,0.00854,0.087,0.02145,0.21985,0.02882,0.046,0.13442
8934,chr4,103993805,103995660,0.18516,0.24387,0.19037,0.20952,0.02556,0.01965,0.02175,0.0,0.0,0.0
8947,chr4,108141378,108146009,0.11893,0.03577,0.20427,0.23811,0.02394,0.02101,0.03216,0.07844,0.09954,0.00099
8951,chr4,109330410,109333208,0.00466,0.13461,0.09158,0.00159,0.08442,0.12733,0.00053,0.30476,0.08721,0.10113
8960,chr4,110656704,110659510,0.09648,0.08245,0.27197,0.37864,0.00178,0.06932,0.14072,0.09682,0.1809,0.01306
8980,chr4,117520156,117522595,0.20722,0.04189,0.15372,0.02331,0.07413,0.00364,0.10869,0.04354,0.00296,0.07498
9012,chr4,123346507,123348063,0.00585,0.08695,0.07738,0.04093,0.04133,0.09811,0.06308,0.21529,0.18144,0.02604
9013,chr4,123452057,123478177,0.16921,0.22828,0.30815,0.28299,0.00341,0.02339,0.01475,0.0101,0.00445,0.00129
9039,chr4,132663685,132665791,0.16582,0.24387,0.19037,0.20952,0.03876,0.0299,0.03305,0.0,0.0,0.0
9056,chr4,137834486,137837029,0.00138,0.39937,0.00301,0.00221,0.42579,0.00045,0.00751,0.43024,0.4774,0.01132
9079,chr4,143894125,143901975,0.05746,0.0,0.225,0.08333,0.05226,0.10097,0.0099,0.21127,0.07669,0.04667
9096,chr4,149602389,149604404,0.11267,0.09114,0.3145,0.17468,0.00779,0.08579,0.00116,0.14937,0.01891,0.08115
9106,chr4,151829568,151832880,0.10371,0.34874,0.08498,0.19714,0.12235,2e-05,0.02902,0.10874,0.03094,0.02684
9120,chr4,155392273,155395916,0.02818,0.10032,0.02283,0.2029,0.04374,0.00107,0.11924,0.04534,0.01826,0.11839
9128,chr4,157481541,157488664,0.20672,0.22133,0.17165,0.18936,0.0,0.0,0.0,0.0,0.0,0.0
9155,chr4,164290790,164361057,0.08246,0.04075,0.00465,0.40415,0.00047,0.11522,0.16803,0.04875,0.11393,0.47338
9176,chr4,170105412,170106617,0.16863,0.36289,0.17791,0.29973,0.07267,0.00191,0.04561,0.05535,0.00358,0.0326
9177,chr4,170113103,170119140,0.02008,0.18004,0.0061,0.01003,0.09651,0.00406,0.06105,0.12181,0.23403,0.03823
9180,chr4,170633162,170634290,0.03767,0.20489,0.05247,7e-05,0.09697,0.00295,0.03444,0.07195,0.21044,0.05361
9197,chr4,173712760,173714272,0.01208,0.52399,0.11958,0.23886,0.42743,0.06392,0.15856,0.18822,0.10417,0.01969
9205,chr4,176951671,176954522,0.10708,0.16747,0.11671,0.25693,0.00624,0.0001,0.0435,0.00465,0.01918,0.04047
9215,chr4,180268966,180270112,0.27965,0.39238,0.32009,0.32528,0.06607,0.0513,0.02768,0.0,0.01634,0.01282
9216,chr4,180384895,180568687,0.02247,0.09671,0.13834,0.14971,0.17841,0.04846,0.05315,0.40142,0.41166,0.00012
9223,chr4,181658620,181664414,0.16557,0.24042,0.18749,0.20643,0.03876,0.0299,0.03305,0.0,0.0,0.0
9251,chr4,185990891,185992525,0.01395,0.1497,0.07,0.34239,0.09712,0.02753,0.27106,0.03015,0.0657,0.16045
9269,chr4,189710798,189711910,0.00258,0.21168,0.09281,0.08741,0.21434,0.06598,0.10298,0.31553,0.03672,0.22627
9270,chr4,189772103,189783990,0.00507,0.12366,0.02348,0.03245,0.08762,0.05191,0.01439,0.2261,0.02612,0.10265
9271,chr4,189972656,189973948,0.25176,0.05044,0.30312,0.125,0.07969,0.01197,0.03188,0.12625,0.01323,0.07372
9294,chr4,192394560,192397169,0.18643,0.22189,0.15931,0.13059,0.00433,4e-05,0.01302,0.00351,0.03183,0.01364
9299,chr4,192821918,192823889,0.10609,0.23412,0.02938,0.12492,0.05484,0.02976,0.00327,0.15565,0.03183,0.05097
9305,chr4,193009807,193012410,0.16645,0.46722,0.2573,0.25656,0.20022,0.04178,0.0317,0.05083,0.07375,0.00117
9312,chr4,193361027,193535195,0.24875,0.39356,0.14193,0.19028,0.06524,0.01932,0.00482,0.12253,0.09166,0.00489
9323,chr5,201744,204657,0.07785,0.39827,0.1901,0.25653,0.2292,0.05128,0.10024,0.08477,0.02951,0.01165
9324,chr5,231827,605856,0.2123,0.00801,0.09373,0.03976,0.1842,0.03518,0.10669,0.06749,0.01662,0.02128
9325,chr5,626419,628998,0.1651,0.12288,0.32887,0.16687,0.00499,0.02486,0.00289,0.05399,0.00056,0.06368
9328,chr5,664699,666179,0.01521,0.08243,0.03796,0.00357,0.04895,0.11443,0.03964,0.26942,0.15656,0.02174
9330,chr5,803190,805547,0.10805,0.2607,0.1329,0.1542,0.07823,0.00795,0.01291,0.04054,0.02988,0.00061
9340,chr5,1234550,1237224,0.0487,0.25057,0.0753,0.14515,0.12583,0.00643,0.04475,0.08876,0.02075,0.02034
9341,chr5,1241417,1244161,0.15927,0.20932,0.06828,0.12568,0.00573,0.01503,0.00194,0.03461,0.01399,0.00687
9354,chr5,2916812,2941300,0.2009,0.37104,0.21844,0.27205,0.03208,0.00111,0.00437,0.02316,0.01836,0.00106
9362,chr5,3817488,3823127,0.15597,0.26116,0.14519,0.08863,0.03029,0.00133,0.00702,0.0141,0.05208,0.01148
9378,chr5,7856056,7859564,0.11047,0.21459,0.01047,0.04043,0.04295,0.11442,0.0251,0.18294,0.10493,0.06831
9387,chr5,10212420,10214622,0.02528,0.2215,0.21802,0.00665,0.32742,0.11128,0.00538,0.6,0.27815,0.15935
9395,chr5,12747772,12757278,0.39608,0.09154,0.36264,0.38216,0.18299,0.00021,0.01632,0.16767,0.12977,0.01806
9401,chr5,14284202,14286416,0.07196,0.2025,0.02059,0.13852,0.04694,0.01712,0.01631,0.11103,0.00933,0.06894
9449,chr5,24010534,24012770,0.00138,0.05259,0.06373,0.00016,0.05658,0.0374,0.00066,0.2096,0.06073,0.06901
9450,chr5,24329265,24387848,0.00199,0.04262,0.12176,0.00519,0.02561,0.16194,0.01376,0.29338,0.07687,0.09702
9464,chr5,26901245,26906452,0.32706,0.56473,0.33929,0.33466,0.07297,0.00034,0.0,0.07267,0.07987,0.00031
9468,chr5,27531312,27532783,0.17076,0.35967,0.16833,0.30143,0.08933,0.00028,0.05755,0.09013,0.00509,0.06145
9476,chr5,29174770,29183672,0.00482,0.01525,0.27562,0.11754,0.03506,0.31746,0.14925,0.18759,0.05649,0.0407
9497,chr5,33747863,33753096,0.26108,0.1084,0.32746,0.04616,0.07031,0.01852,0.10404,0.14935,0.0091,0.18265
9503,chr5,34549240,34552358,0.29148,0.12247,0.37209,0.34994,0.07826,0.00623,0.00234,0.136,0.11562,0.00112
9504,chr5,34616008,34618241,0.03021,0.22044,0.02036,0.02366,0.10192,0.00075,0.00059,0.11613,0.12259,2e-05
9518,chr5,40219010,40226817,0.00196,0.01787,0.12039,0.06854,0.03022,0.08987,0.04543,0.24434,0.15063,0.00563
9532,chr5,43338606,43341862,0.35262,0.5814,0.34666,0.30055,0.12645,0.0015,0.00388,0.1101,0.17427,0.01019
9567,chr5,46792524,46802526,0.25665,0.08912,0.25094,0.08733,0.05917,0.00018,0.06219,0.06261,1e-05,0.07128
9588,chr5,50010727,50026633,0.01369,0.11824,0.08103,0.00151,0.24909,0.07653,0.03559,0.38347,0.11131,0.16479
9654,chr5,51757714,51762798,0.00085,0.12916,0.0192,0.00157,0.14494,0.01142,0.00469,0.30694,0.14498,0.03823
9655,chr5,52745051,52747468,0.42521,0.10608,0.47225,0.29766,0.20711,0.00707,0.04853,0.27109,0.08508,0.10732
9656,chr5,52928220,52930651,0.12989,0.49727,0.12917,0.35093,0.19116,0.00014,0.07129,0.21059,0.0448,0.08793
9696,chr5,65992253,65993913,0.0027,0.21861,0.10847,0.23045,0.17254,0.08099,0.19133,0.03043,0.0002,0.03393
9698,chr5,66554042,66556340,0.08869,0.24619,0.03406,0.14507,0.06009,0.01285,0.01383,0.12973,0.01451,0.05213
9702,chr5,68148346,68150885,0.22998,0.35919,0.3015,0.28273,0.01894,0.00367,0.0005,0.006,0.01487,0.00183
9716,chr5,76652223,76654566,0.03987,0.00023,0.23201,0.01091,0.04924,0.12002,0.00818,0.26624,0.01533,0.16816
9725,chr5,79611823,79614340,0.34289,0.13647,0.07157,0.14567,0.08856,0.16732,0.07089,0.01035,0.00118,0.01896
9742,chr5,83253422,83256149,0.01152,0.18286,0.0,0.01713,0.24772,0.01008,0.04895,0.21944,0.09183,0.01748
9743,chr5,83545887,83549200,0.15572,0.33642,2e-05,0.03289,0.05603,0.13567,0.04686,0.30124,0.18164,0.0283
9748,chr5,85193099,85300837,0.08962,0.35232,0.18681,0.17707,0.10551,0.01481,0.01719,0.04675,0.03771,0.00025
9756,chr5,88564077,88567261,0.00013,0.12324,0.00163,0.04181,0.15876,0.00099,0.04038,0.23641,0.31561,0.03153
9784,chr5,100361291,100368678,0.22242,0.07836,0.02663,0.1436,0.04396,0.10535,0.00857,0.01391,0.01286,0.05411
9788,chr5,100793758,100795256,0.11075,0.28813,0.23921,0.55157,0.07487,0.05222,0.37211,0.0027,0.13141,0.21266
9789,chr5,100888539,100901306,0.04821,0.33572,0.12753,0.29046,0.18899,0.03115,0.15828,0.07316,0.00151,0.0559
9808,chr5,105818808,105896450,0.1738,0.29663,0.03466,0.08996,0.04109,0.06698,0.01571,0.16171,0.09198,0.01949
9812,chr5,107063263,107064369,0.03525,0.0592,0.21029,0.18373,0.00204,0.12231,0.08525,0.12727,0.08096,0.02604
9819,chr5,110628770,110644058,0.22092,0.23624,0.184,0.18215,0.0,0.0,0.01531,0.0,0.01634,0.01282
9820,chr5,110648969,110655051,0.34723,0.48671,0.27276,0.31909,0.0402,0.00751,1e-05,0.09216,0.03669,0.00635
9839,chr5,115432252,115438591,0.18081,0.31132,0.16759,0.21857,0.06607,0.00066,0.01133,0.06494,0.03307,0.00699
9852,chr5,118941958,119060275,0.04198,0.2855,0.09778,0.16348,0.15728,0.01737,0.06114,0.08774,0.02687,0.01882
9859,chr5,121044794,121222453,0.18754,0.23254,0.1939,0.18876,0.01264,0.01965,0.00238,0.0,0.0054,0.01282
9862,chr5,121831493,121834322,0.12898,0.20857,0.16116,0.17802,0.03876,0.0299,0.03305,0.0,0.0,0.0
9866,chr5,122757276,122761968,0.23729,0.25869,0.31549,0.12507,5e-05,0.01782,0.03452,0.01713,0.0397,0.11066
9874,chr5,125415133,125416162,1e-05,0.18629,0.00179,0.00411,0.20146,0.00191,0.00522,0.19882,0.124,0.01093
9875,chr5,125510587,125923607,0.10776,0.31953,0.15281,0.07231,0.05968,0.00544,0.00386,0.02978,0.09897,0.01943
9881,chr5,127246311,127248952,0.02053,0.06368,0.27439,0.16208,0.00972,0.12966,0.05457,0.06852,0.01691,0.02967
9891,chr5,128590584,128594061,0.05282,0.08099,0.20747,0.18079,0.00122,0.05825,0.04313,0.05384,0.03743,0.00094
9901,chr5,133380001,133434947,0.25465,0.4478,0.1508,0.15385,0.07494,0.01408,0.04342,0.12673,0.19844,0.00596
9905,chr5,134322568,134324369,0.01044,0.13081,0.02608,0.01078,0.20538,0.00462,2e-05,0.24501,0.20615,0.00392
9920,chr5,138312558,138321359,0.19928,0.47408,0.10644,0.33426,0.15164,0.03013,0.02022,0.24543,0.07552,0.10029
9954,chr5,145484098,145486000,0.02977,0.02706,0.06527,0.14656,0.09471,0.0131,0.07241,0.13333,0.22242,0.02446
9958,chr5,146708738,146710166,0.4176,0.18697,0.31288,0.31477,0.12841,0.07376,0.07721,0.0098,0.01099,1e-05
9972,chr5,151360106,151380199,0.13432,0.02122,0.13547,0.04719,0.2583,0.00147,0.02732,0.26128,0.13111,0.03838
9974,chr5,151949140,151952033,0.00545,0.16573,0.00599,0.27698,0.12112,0.00013,0.23575,0.09673,0.01914,0.20116
9975,chr5,152040224,152042409,0.21001,0.31354,0.2498,0.27292,0.05226,0.04044,0.04465,0.0,0.0,0.0
9979,chr5,153825293,153835080,0.11639,0.00024,0.41329,0.23874,0.10324,0.14349,0.02364,0.39122,0.21921,0.06249
9987,chr5,156581950,156711644,0.03141,0.17753,0.00129,0.01851,0.29546,0.04191,0.09317,0.12547,0.08115,0.00862
10005,chr5,161690652,161692172,0.09257,0.29487,0.04321,0.09088,0.09271,0.00723,0.0,0.13814,0.09831,0.00783
10011,chr5,163059553,163065031,0.29476,0.46556,0.3655,0.35648,0.08593,0.04167,0.01803,0.0211,0.0502,0.01089
10012,chr5,163274233,163275303,0.22012,0.28528,0.2254,0.247,0.02556,0.01965,0.02175,0.0,0.0,0.0
10016,chr5,163960344,164005114,0.11226,0.60372,0.29642,0.17409,0.32522,0.04714,0.0116,0.17915,0.22206,0.00957
10021,chr5,164862139,164863929,0.03791,0.21382,0.01871,0.08782,0.08704,0.0028,0.01429,0.11509,0.02887,0.02884
10036,chr5,170485080,170488136,0.30563,0.23911,0.1827,0.18653,0.01537,0.03898,0.03443,0.00486,0.00402,2e-05
10038,chr5,171241470,171243257,3e-05,0.34563,0.10673,0.0,0.29208,0.09194,2e-05,0.52941,0.2657,0.07849
10051,chr5,174754270,174756787,0.00799,0.08512,0.07891,0.00067,0.14125,0.05406,0.0141,0.2766,0.06858,0.11047
10052,chr5,175243956,175245957,0.18702,0.24853,0.19427,0.09071,0.02556,0.01965,0.03935,0.0,0.10417,0.08333
10062,chr5,176849224,176850764,0.13631,0.33549,0.31226,0.06188,0.05323,0.04787,0.02144,-0.0,0.14321,0.1386
10065,chr5,177611250,177612480,0.2113,0.32588,0.26329,0.21154,0.03787,0.02918,0.00064,0.00018,0.02955,0.02328
10081,chr5,181171267,181172911,0.00556,0.0065,0.10741,0.04075,0.03365,0.2405,0.10771,0.13244,0.02844,0.05035
10091,chr5,181813027,181814366,0.28125,0.07644,0.2822,0.22089,0.1042,0.00807,0.00489,0.12626,0.06453,0.02189
10093,chr5,181880390,181887214,0.00174,0.00898,0.1701,0.13316,0.02236,0.15054,0.11135,0.28056,0.22481,0.00352
10100,chr6,26522,28806,0.0195,0.26197,0.05115,0.00031,0.14233,0.09512,0.01293,0.32478,0.2119,0.05974
10108,chr6,894336,1117620,0.00544,0.2668,0.01158,0.10711,0.1927,0.00191,0.06408,0.11841,0.0327,0.03252
10110,chr6,1957213,2642075,0.07439,0.06494,0.09163,0.00334,0.00011,0.20102,0.03643,0.18,0.0305,0.09588
10112,chr6,2786161,2788772,0.27892,0.15136,0.03663,0.00273,0.03113,0.1244,0.19923,0.03697,0.09298,0.01606
10113,chr6,2959621,2962277,0.22323,0.01521,0.11702,0.06016,0.16461,0.02343,0.08155,0.06934,0.02038,0.01835
10114,chr6,3089341,3090676,0.0196,0.13874,0.04169,0.04888,0.24956,0.12062,0.11524,0.02743,0.0121,0.00114
10122,chr6,4906221,4908149,0.15877,0.28836,0.09804,0.11275,0.05222,0.00624,0.00299,0.0864,0.06557,0.00044
10135,chr6,8206721,8210562,6e-05,0.10087,0.05324,0.03667,0.09113,0.0444,0.02944,0.23278,0.22481,0.00302
10150,chr6,12996653,13001525,0.2238,0.03552,0.23149,0.22546,0.08428,0.01965,0.00238,0.10213,0.09101,0.01282
10170,chr6,19547689,19548730,0.1115,0.25187,0.07803,0.10184,0.09465,0.00229,3e-05,0.13514,0.10417,0.00185
10171,chr6,19636506,19664552,0.22636,0.00734,0.07047,0.13943,0.15996,0.05791,0.01899,0.03351,0.08508,0.01359
10175,chr6,21923541,21926947,0.00113,0.25629,0.13391,0.00631,0.27459,0.11976,0.00208,0.56737,0.32506,0.10841
10183,chr6,25908993,25911199,0.23753,0.08635,0.28129,0.31958,0.0743,1e-05,0.00219,0.08276,0.11501,0.00288
10195,chr6,28046205,28048240,0.31419,0.20722,0.45652,0.50109,0.01699,0.02603,0.04823,0.07901,0.11386,0.00366
10213,chr6,31833738,31899326,0.31095,0.30638,0.47293,0.32576,2e-05,0.0355,0.00064,0.03625,0.00089,0.02681
10220,chr6,32880292,32882174,0.25917,0.01359,0.38916,0.09796,0.37091,0.03048,0.0853,0.53828,0.22305,0.23503
10225,chr6,33791311,33796176,0.20083,0.19863,0.07279,0.09071,0.00089,0.05844,0.03078,0.04601,0.02368,0.00154
10235,chr6,35207054,35208106,0.20133,0.02187,0.29738,0.21058,0.09392,0.02065,0.0002,0.174,0.10162,0.01928
10239,chr6,36766550,36769064,0.02937,0.17985,0.02595,0.05169,0.08593,0.11769,0.00353,0.41667,0.09592,0.18425
10241,chr6,37708212,37709565,0.35159,0.45245,0.27225,0.31774,0.01831,0.00969,0.00057,0.07267,0.0259,0.00517
10255,chr6,42698539,42700283,0.08986,0.03473,0.03757,0.25056,0.01531,0.014,0.08879,-0.0,0.15137,0.13211
10270,chr6,46177708,46180187,0.3426,0.43721,0.29316,0.282,0.01345,0.00581,0.00336,0.03623,0.02866,0.00025
10298,chr6,52600262,52601579,0.38572,0.03045,0.02283,0.0,0.2421,0.26857,0.32499,0.00611,0.02304,0.01846
10303,chr6,53903981,53909979,0.54895,0.43171,0.61389,0.49114,0.01115,0.00432,0.00935,0.02652,0.00019,0.02706
10309,chr6,54993344,55005399,0.01166,0.02573,0.27267,0.01373,0.00283,0.37161,0.04777,0.41123,0.07052,0.17472
10327,chr6,58017791,58019203,0.095,0.00987,0.01097,0.06234,0.04605,0.16246,0.27809,0.04009,0.11647,0.02722
10336,chr6,62537735,62542862,0.07028,0.13221,0.07556,0.27799,0.01697,0.00096,0.10133,0.00847,0.03425,0.07426
10343,chr6,62635349,62641461,0.0578,0.13221,0.07556,0.27799,0.02342,0.003,0.11501,0.00847,0.03425,0.07426
10350,chr6,64033394,64034735,0.18285,0.2551,0.17491,0.12619,0.01103,6e-05,0.00555,0.01158,0.03016,0.00432
10354,chr6,65103313,65104652,0.30093,0.07453,0.25399,0.09115,0.14432,0.01887,0.10585,0.07751,0.00225,0.05043
10358,chr6,65442959,65448914,0.11872,0.22125,0.09157,0.05271,0.02682,0.00115,0.0154,0.03938,0.07699,0.00853
10365,chr6,66840680,66846320,0.00385,0.2044,0.00767,0.02418,0.15379,0.02208,0.00983,0.1989,0.08751,0.04704
10366,chr6,66905979,66907602,0.00128,0.00668,0.10512,0.01311,0.00223,0.16122,0.00716,0.17213,0.0013,0.22767
10383,chr6,69184935,69186871,0.17637,0.30675,0.21961,0.20224,0.08019,0.03149,0.00776,0.0211,0.0502,0.01089
10384,chr6,69453069,69465943,0.0887,0.23987,0.06738,0.02318,0.05737,0.00132,0.02869,0.08519,0.16969,0.01958
10390,chr6,70745120,70747340,0.11732,0.00719,0.05102,0.00766,0.07148,0.22181,0.14073,0.08881,0.02571,0.01806
10398,chr6,75528090,75601073,0.29896,0.16428,0.47653,0.27234,0.04462,0.01991,0.00239,0.13184,0.02685,0.0393
10399,chr6,75771114,75776446,0.03069,0.06453,0.1346,0.01834,0.17273,0.08174,0.00096,0.31605,0.13473,0.08065
10406,chr6,77564851,77570001,0.34866,0.19132,0.43261,0.26515,0.06296,0.03036,0.02607,0.15443,0.01054,0.10679
10408,chr6,77904579,77926501,0.0024,0.04535,0.10986,0.01628,0.04288,0.16527,0.03949,0.30947,0.15365,0.05714
10426,chr6,81782356,81792215,0.13594,0.20986,0.09438,0.2029,0.04292,0.00954,0.01731,0.06902,0.00779,0.04635
10429,chr6,82124775,82129470,0.02933,0.16747,0.00151,0.00605,0.27349,0.04515,0.0596,0.1336,0.11021,0.00163
10464,chr6,94077089,94082281,0.12127,0.60702,0.03646,0.30357,0.33967,0.01479,0.04728,0.3787,0.23313,0.10263
10473,chr6,95839392,95864844,0.14386,0.01106,0.07818,0.00145,0.20421,0.01506,0.17052,0.13297,0.00407,0.10819
10477,chr6,96163451,96165868,0.281,0.0209,0.38244,0.17629,0.43646,0.04546,0.02136,0.56728,0.31875,0.12132
10481,chr6,96420502,96422241,0.37188,0.12635,0.20038,0.39416,0.09003,0.02266,0.00815,0.01805,0.12181,0.04631
10484,chr6,97110669,97112483,0.08599,0.02304,0.076,0.02342,0.17915,0.24013,0.16972,0.04865,0.00019,0.05376
10485,chr6,97364394,97365408,0.21001,0.29179,0.22338,0.24823,0.02606,0.01352,0.01781,0.00171,0.00065,0.00026
10500,chr6,101263747,101265090,0.00047,0.17958,0.00584,0.20767,0.16112,0.00403,0.20234,0.1149,0.0001,0.1499
10506,chr6,103009599,103010877,0.29205,0.00117,0.37414,0.11171,0.33462,0.02052,0.04272,0.43784,0.13654,0.10302
10544,chr6,113086307,113091539,0.44603,0.30804,0.42968,0.37856,0.04719,6e-05,0.00239,0.04902,0.02438,0.00324
10550,chr6,115537355,115545591,0.05283,0.17568,0.00941,0.07578,0.12458,0.02649,0.00843,0.21944,0.08573,0.06012
10571,chr6,123023264,123024659,0.25314,0.00417,0.16587,0.15612,0.23106,0.01798,0.03214,0.14569,0.13098,0.00236
10585,chr6,126576062,126578710,0.41502,0.6234,0.2725,0.19193,0.06173,0.03253,0.07845,0.18759,0.26034,0.012
10586,chr6,126632619,126647249,0.30084,0.33988,0.27292,0.306,0.01264,0.00969,0.02552,0.0,0.01634,0.01282
10590,chr6,127050587,127054879,0.2658,0.07455,0.06354,0.12161,0.0892,0.15436,0.03742,0.00048,0.01102,0.01973
10599,chr6,130191562,130197627,0.24681,0.52095,0.17845,0.22542,0.13823,0.00692,0.00174,0.22818,0.21091,0.00225
10600,chr6,130578206,130579420,0.18748,0.17785,0.22102,0.10792,0.00071,0.00312,0.01701,0.00045,0.01951,0.03751
10617,chr6,135456668,135461724,0.12033,0.28563,0.06044,0.12101,0.06058,0.01722,0.00063,0.12027,0.04428,0.02211
10625,chr6,137718728,137719976,0.17785,0.22343,0.3349,0.36209,0.00334,0.08991,0.09873,0.06083,0.06742,0.0
10669,chr6,149067947,149070594,0.2716,0.37224,0.24092,0.29721,0.00529,0.00424,0.00141,0.02062,0.00097,0.01068
10672,chr6,149934558,149936363,0.12285,0.10293,0.042,0.00351,0.02163,0.23766,0.07567,0.27284,0.05494,0.06038
10685,chr6,152365330,152366403,0.41863,0.40994,0.45989,0.41573,5e-05,0.0,0.00748,8e-05,0.00629,0.00841
10691,chr6,153270162,153272406,0.20559,0.02234,0.12625,0.24675,0.13817,0.01016,0.01015,0.07025,0.1938,0.03938
10692,chr6,153910157,153913975,0.22347,0.41669,0.05843,0.10032,0.0753,0.06816,0.03304,0.26022,0.18708,0.00636
10696,chr6,154839262,154842419,0.06463,0.05341,0.2129,0.01736,0.00069,0.08676,0.01503,0.09123,0.009,0.14953
10715,chr6,158349589,158351264,0.23823,0.06875,0.12281,0.01084,0.10321,0.04031,0.20975,0.02151,0.02688,0.089
10717,chr6,158516331,158553732,0.00708,0.30793,0.00841,0.05692,0.15241,2e-05,0.01327,0.15487,0.09433,0.0133
10723,chr6,160177314,160178360,0.01395,0.37775,0.02283,0.16085,0.31082,0.00092,0.11069,0.26205,0.10524,0.08756
10761,chr6,166677250,166684716,0.14593,0.23127,0.15831,0.28639,0.01755,0.00279,0.05637,0.00541,0.01248,0.03219
10767,chr6,167453966,167458916,0.21441,0.2124,0.19707,0.03084,0.00223,0.00969,0.14649,0.01538,0.13125,0.15385
10769,chr6,167655156,167656373,0.08309,0.04427,0.03674,0.00146,0.24026,0.00805,0.10675,0.17111,0.03534,0.05848
10772,chr6,167963560,167964751,0.36137,0.42018,0.34569,0.37326,0.02556,0.01965,0.02175,0.0,0.0,0.0
10773,chr6,168126984,168132563,0.09673,0.02276,0.20352,0.14661,0.02968,0.06122,0.01763,0.1287,0.07293,0.012
10774,chr6,168166542,168167576,0.13063,0.52842,0.24435,0.41169,0.26885,0.01808,0.10424,0.17597,0.08473,0.0393
10775,chr6,168380609,168382063,0.1191,0.0812,0.26972,0.05907,0.00585,0.03238,0.01383,0.06787,0.00191,0.09536
10781,chr6,168938706,168940423,0.24236,0.35836,0.1076,0.16751,0.01278,0.03937,0.01379,0.10018,0.05624,0.00814
10784,chr6,169575536,169581255,0.10712,0.07016,0.06041,0.00082,0.00879,0.00894,0.21282,2e-05,0.10826,0.12746
10785,chr6,169699331,169701563,0.01625,0.05914,0.2114,0.01638,0.01771,0.19002,0.00012,0.08098,0.01281,0.15714
10795,chr6,170194703,170196455,0.00078,0.16423,0.07117,0.00459,0.12619,0.07743,0.00119,0.33173,0.1286,0.14479
10802,chr6,171244561,171245689,0.05273,0.00571,0.11963,0.0566,0.13346,0.02565,0.00119,0.25913,0.12683,0.01224
10803,chr6,171253589,171256653,0.05026,0.06499,0.06551,0.0041,0.00101,0.20011,0.01891,0.21802,0.02672,0.08352
10804,chr6,171421448,171423305,0.01924,0.0277,0.1586,0.00324,0.08284,0.07765,0.00773,0.26372,0.05177,0.1409
10805,chr6,171444415,171445886,0.02549,0.1531,0.01516,0.02528,0.04986,0.06916,9e-05,0.21924,0.04039,0.06646
10809,chr6,171605062,171606356,0.01819,0.06814,0.00477,0.03785,0.1914,0.00534,0.00805,0.13323,0.21828,0.02293
10811,chr6,171757198,171771314,0.01321,0.10899,0.07052,0.05983,0.15012,0.01907,0.01353,0.24615,0.23599,0.00064
10821,chr7,160254,163921,0.00233,0.25507,0.04504,0.01718,0.19693,0.02558,0.00599,0.08881,0.15232,0.00859
10828,chr7,381754,382953,0.17073,0.11719,0.20644,0.19776,0.01278,0.0299,0.0091,0.05753,0.03633,0.01282
10831,chr7,593920,595503,0.00507,0.0576,0.09505,0.00259,0.02878,0.1336,0.01343,0.23687,0.0715,0.06237
10841,chr7,1374464,1375720,0.0071,0.0183,0.16352,0.15178,0.04241,0.12733,0.10925,0.22889,0.22069,0.01282
10853,chr7,2148789,2150051,0.16177,0.2751,0.14753,0.11414,0.02821,0.00063,0.00689,0.0438,0.06363,0.00451
10860,chr7,3516939,3544541,0.13578,0.36414,0.22938,0.17021,0.10391,0.02801,0.00371,0.04538,0.08311,0.01392
10865,chr7,4159996,4161028,0.27526,0.339,0.24137,0.12507,0.00354,0.0007,0.0341,0.00827,0.06035,0.02661
10872,chr7,4919478,4920619,0.06023,0.26915,0.07817,0.00246,0.07267,0.00086,0.07069,0.07725,0.26997,0.09424
10887,chr7,7796259,7797944,0.2583,0.34486,0.21519,0.21788,0.02556,0.00063,0.00258,0.00697,0.04636,0.00421
10890,chr7,8451290,8453772,0.31418,0.08559,0.23497,0.34192,0.49933,0.0019,0.00673,0.41667,0.51047,0.01339
10902,chr7,9580390,9584490,0.16512,0.22133,0.04189,0.1019,0.02556,0.06236,0.01084,0.12171,0.04444,0.01857
10906,chr7,10594970,10597157,0.01,0.24404,0.37748,0.17255,0.17534,0.3314,0.11798,0.04462,0.00429,0.06992
10971,chr7,29774182,29784224,0.07728,0.20415,0.06044,0.09284,0.10944,0.0003,0.00401,0.13514,0.08573,0.00667
10976,chr7,31413600,31417026,0.02329,0.16653,0.0003,0.02484,0.09091,0.0326,9e-05,0.20028,0.08673,0.03704
10979,chr7,31688680,31690082,0.08986,0.2995,0.25494,0.15097,0.11519,0.06372,0.02245,0.01075,0.03425,0.0076
10981,chr7,32490022,32492964,0.42733,0.41303,0.33421,0.36714,0.00554,0.00403,0.00991,0.0,0.00073,0.00054
11039,chr7,52823428,52838614,0.0005,0.08999,0.0789,0.01786,0.08059,0.05441,0.0092,0.2547,0.17074,0.03142
11075,chr7,58148685,58158072,0.0201,0.2376,0.08246,0.19643,0.14132,0.02769,0.11215,0.04404,0.00148,0.02944
11083,chr7,58223089,58224843,0.00078,0.41234,0.02729,0.1804,0.38251,0.02058,0.1598,0.2302,0.03631,0.07079
11084,chr7,58225725,58227792,0.19567,0.0179,0.09423,0.00219,0.30948,0.01535,0.12476,0.1818,0.0263,0.0553
11088,chr7,58268020,58274375,0.04473,0.28522,0.12807,0.16617,0.09872,0.02316,0.03985,0.02178,0.01,0.00206
11096,chr7,63769377,63770700,0.0051,0.2061,0.06239,0.1455,0.15138,0.03606,0.10385,0.03854,0.00361,0.01819
11112,chr7,64228543,64231492,0.29629,0.04851,0.14971,0.07443,0.135,0.03068,0.10283,0.0368,0.00309,0.02093
11115,chr7,64656631,64684016,0.04146,0.23924,0.00426,0.02904,0.09112,0.01764,0.00259,0.18487,0.15663,0.01031
11134,chr7,66798927,66802665,0.01729,0.25618,0.06674,0.10085,0.15265,0.01753,0.03753,0.08525,0.04489,0.00517
11137,chr7,67301036,67324404,0.03012,0.2233,0.05653,0.24011,0.09788,0.00407,0.11874,0.06844,0.00222,0.09336
11144,chr7,68452196,68454002,0.01774,0.19955,0.06097,0.00116,0.14821,0.02256,0.01172,0.06906,0.2248,0.06563
11146,chr7,68510071,68511356,0.00849,0.06047,0.0682,0.003,0.03876,0.11699,0.02307,0.21944,0.10417,0.04477
11158,chr7,71718683,71720254,0.15189,0.34279,0.09759,0.20727,0.07787,0.00499,0.01053,0.1117,0.03284,0.02923
11172,chr7,74023813,74029393,0.04033,0.01677,0.13059,0.01189,0.10137,0.03706,0.0082,0.21991,0.05334,0.07848
11177,chr7,78324024,78329903,0.08791,0.01125,0.225,0.03608,0.05103,0.06827,0.01922,0.18186,0.00914,0.12917
11192,chr7,82317453,82318518,0.00188,0.14947,0.03055,0.00539,0.12166,0.04766,0.01303,0.29665,0.19516,0.01029
11221,chr7,90638135,90704445,1e-05,0.04326,0.10359,0.0,0.037,0.0897,1e-05,0.2953,0.04396,0.12732
11244,chr7,94834072,95030306,0.12258,0.12183,0.47788,0.23465,0.00136,0.17064,0.01991,0.12022,0.00849,0.08844
11254,chr7,98996218,99003364,0.25495,0.20863,0.22774,0.2204,0.00251,0.00499,0.00014,0.00039,0.00127,0.00308
11265,chr7,101103268,101105441,0.18815,0.26144,0.20513,0.19397,0.02556,0.01965,0.00238,0.0,0.01634,0.01282
11272,chr7,101970014,101983220,0.01711,0.00315,0.0136,0.25272,0.03455,8e-05,0.14587,0.03017,0.32734,0.16203
11275,chr7,102198734,102205184,0.21472,0.23342,0.12037,0.17896,0.00162,0.00807,0.00826,0.00416,0.00365,0.00022
11287,chr7,103999682,104002838,0.00818,0.03841,0.08373,0.24139,0.01087,0.0459,0.18966,0.0127,0.1144,0.06654
11288,chr7,104025918,104048536,0.13995,0.22707,0.06064,0.19448,0.03876,0.02329,0.03305,0.11111,0.0,0.09836
11295,chr7,105138694,105140409,0.05746,0.19593,0.22209,0.13315,0.09405,0.10748,0.02129,0.0001,0.03961,0.04683
11329,chr7,114115476,114116488,0.04691,0.43131,0.0163,0.00048,0.28087,0.07873,0.02125,0.38264,0.3149,0.01349
11362,chr7,120967593,121282187,0.15121,0.25303,0.01743,0.21861,0.02149,0.06982,0.01606,0.15573,0.00034,0.14085
11364,chr7,121965561,121966684,0.09468,0.29278,0.09257,0.11339,0.10911,0.00107,0.0027,0.07556,0.07962,0.00024
11367,chr7,122964161,122965426,0.00318,0.25493,0.02481,0.11939,0.19367,0.01121,0.08164,0.08992,0.02483,0.02442
11378,chr7,127112450,127258983,0.14417,0.24479,0.16457,0.21035,0.05226,0.01352,0.04465,0.0211,0.0,0.01846
11383,chr7,128886591,128889603,0.28023,0.70349,0.41267,0.49417,0.31781,0.03575,0.04518,0.15605,0.18074,2e-05
11397,chr7,132080528,132083761,0.16884,0.08015,0.21448,0.08996,0.01972,0.00137,0.01073,0.03354,0.00101,0.02189
11410,chr7,135218071,135220387,0.55537,0.50796,0.46975,0.22803,0.00108,0.02659,0.2014,0.01579,0.16712,0.10138
11422,chr7,137805868,137806970,0.0031,0.07705,0.03295,0.1108,0.04644,0.0162,0.12936,0.0211,0.28699,0.20328
11425,chr7,139921361,139923755,0.20206,0.48173,0.05995,0.28897,0.27435,0.05916,0.0393,0.4216,0.14245,0.16203
11458,chr7,148836308,148846632,0.24765,0.01702,0.05473,0.03688,0.30374,0.09759,0.11868,0.1336,0.09794,0.00152
11462,chr7,149509943,149511708,0.12459,0.28079,0.05405,0.01243,0.0404,0.01588,0.05981,0.10009,0.18164,0.01598
11466,chr7,149583037,149585190,0.21642,0.22891,0.00878,0.00042,3e-05,0.12959,0.18483,0.13452,0.19192,0.00527
11476,chr7,151328797,151330283,0.11506,0.31492,0.16058,0.32471,0.10699,0.00752,0.08752,0.05833,0.00517,0.04227
11484,chr7,153088521,153100210,0.00754,0.0427,0.28826,0.00811,0.01157,0.2133,0.03137,0.16908,0.09564,0.44814
11490,chr7,153703987,153726111,0.17987,0.46611,0.0466,0.19859,0.10078,0.03971,0.00039,0.23858,0.09205,0.04995
11492,chr7,153758000,153760613,0.05698,0.1083,0.28232,0.01396,0.00226,0.0973,0.0184,0.10211,0.04673,0.21855
11494,chr7,154050919,154056462,0.22407,0.17296,0.15973,0.20992,0.00942,0.00644,0.0,0.00049,0.00917,0.00667
11506,chr7,155775815,155783707,0.35941,0.47442,0.0943,0.36865,0.03044,0.13786,7e-05,0.24637,0.03498,0.15043
11507,chr7,155835470,155838782,0.20235,0.13504,0.18752,0.32566,0.00677,2e-05,0.02513,0.00556,0.05334,0.02595
11515,chr7,156797639,156798643,0.07768,0.15821,0.01677,0.00538,0.02244,0.16032,0.04251,0.24366,0.10742,0.04133
11516,chr7,156973062,156974581,0.01142,0.03028,0.15918,0.00259,0.00355,0.20457,0.00218,0.24892,0.01081,0.16094
11517,chr7,157074389,157077987,0.01348,0.01123,0.07634,6e-05,0.06844,0.04049,0.02361,0.20748,0.01726,0.13959
11522,chr7,157452440,157454183,0.20137,0.03107,0.13792,0.14189,0.0714,0.00204,0.00316,0.04166,0.04122,8e-05
11536,chr7,158935582,158938372,0.06508,0.21359,0.14208,0.15944,0.05423,0.02501,0.03164,0.00504,0.00212,0.00052
11537,chr7,158965139,158966887,0.1249,0.26578,0.0602,0.09349,0.08019,0.01455,0.00118,0.15982,0.07669,0.00585
11539,chr7,159037049,159038955,0.0424,0.24977,0.07915,0.15137,0.11351,0.00969,0.04689,0.05791,0.01556,0.01427
11547,chr7,159276529,159277540,0.44689,0.57106,0.43604,0.47605,0.03681,0.00323,0.00464,0.01632,0.01808,4e-05
11559,chr7,159625364,159627127,0.1888,0.31287,5e-05,0.2643,0.0098,0.17625,0.00806,0.3043,0.0,0.26501
11571,chr7,160398667,160399840,0.00311,0.10565,0.02166,0.00308,0.08173,0.04772,0.01478,0.21223,0.15717,0.013
11573,chr7,160434495,160435602,0.00063,0.24615,0.00264,0.05836,0.29072,0.00826,0.09444,0.23012,0.11553,0.05481
11582,chr8,426778,428474,0.00456,0.03269,0.18299,0.03562,0.04221,0.11041,0.00867,0.28375,0.13376,0.08071
11583,chr8,770453,772638,0.08944,0.3773,0.03932,0.13423,0.15686,0.0047,0.00784,0.16799,0.09649,0.02101
11585,chr8,863295,869199,0.0276,0.31596,0.017,0.01864,0.20581,0.00064,0.00083,0.21438,0.23621,0.0
11590,chr8,1103552,1106565,0.26905,0.24179,0.14125,0.07125,0.0169,0.04519,0.10114,0.01347,0.0615,0.0178
11592,chr8,1139946,1141527,0.14379,0.22867,0.13252,0.07985,0.02237,0.00036,0.01531,0.01809,0.07505,0.01986
11600,chr8,1406754,1407784,0.01581,0.17271,0.01114,0.00166,0.11163,0.00024,0.03227,0.12694,0.25687,0.02714
11610,chr8,1960080,2623450,0.09068,0.22857,0.13969,0.08773,0.03371,0.01103,0.00046,0.00368,0.02183,0.00609
11629,chr8,5624198,5625523,0.07978,0.58614,0.04243,0.16471,0.35321,0.01025,0.00674,0.41605,0.3171,0.04188
11635,chr8,6888734,6892474,0.09405,0.31759,0.19108,0.24144,0.10035,0.01911,0.04814,0.03623,0.01129,0.00797
11641,chr8,7738972,7831129,0.00653,0.24425,0.00056,0.00239,0.23572,0.01369,0.00131,0.35327,0.28762,0.00749
11654,chr8,10100428,10103574,0.04123,0.00302,0.11624,0.06293,0.02142,0.26246,0.19136,0.14852,0.08947,0.03343
11667,chr8,12382030,12383866,0.34622,0.4647,0.09629,0.17001,0.00342,0.11383,0.07241,0.18368,0.12858,0.00978
11691,chr8,15695515,15698116,0.55607,0.48853,0.52262,0.14808,0.01241,0.00146,0.2468,0.00511,0.1711,0.21977
11699,chr8,16501174,16517293,0.43978,0.3845,0.5004,0.44447,0.01409,0.04167,0.00054,0.09009,0.02082,0.04649
11701,chr8,16611381,16617603,0.32938,0.28416,0.3694,0.30885,0.00575,0.01484,0.00075,0.03438,0.00267,0.02604
11716,chr8,19017035,19022355,0.0004,0.03034,0.10318,0.01935,0.04479,0.14697,0.01999,0.27151,0.10993,0.0692
11731,chr8,21309469,21313216,0.03824,0.28437,0.0412,0.15973,0.14688,0.00162,0.0579,0.09022,0.01918,0.03013
11745,chr8,24859783,24864651,0.02154,0.24621,0.08305,0.03755,0.11272,0.01906,0.00132,0.0463,0.11741,0.01417
11758,chr8,28196005,28197520,0.2125,0.03623,0.07373,0.13208,0.10343,0.05959,0.01295,0.01008,0.04426,0.0157
11777,chr8,33588696,33589739,0.01561,0.05303,0.11358,0.01663,0.11532,0.05241,0.05922,0.24775,0.0141,0.17838
11778,chr8,33915324,33944238,0.0766,0.34013,0.06278,0.15165,0.13794,9e-05,0.01731,0.12902,0.06458,0.01846
11780,chr8,34108328,34143956,0.00071,0.21674,0.16933,0.17289,0.2154,0.18588,0.18377,0.0042,0.00395,1e-05
11782,chr8,34715365,34719243,0.09312,0.34327,0.15017,0.07474,0.10234,0.00809,0.00155,0.06159,0.13554,0.01886
11818,chr8,43509881,43516624,0.18668,0.20473,0.36159,0.22095,0.00091,0.09915,0.00695,0.07293,0.0027,0.05194
11859,chr8,49895757,50006766,0.1839,0.20169,0.20145,0.07615,0.00241,0.00124,0.02488,0.00034,0.03625,0.03841
11860,chr8,50091205,50094172,0.41801,0.34881,0.37215,0.42772,0.01609,4e-05,0.0091,0.01519,0.03638,0.00864
11867,chr8,51980706,51981707,0.0997,0.21629,0.11635,0.15917,0.06607,0.00687,0.02768,0.04274,0.01634,0.00864
11869,chr8,52164378,52166803,0.65319,0.41776,0.7523,0.65636,0.14689,0.03719,5e-05,0.279,0.14437,0.04635
11870,chr8,52928403,53333662,0.25931,0.28838,0.07025,0.07113,0.00054,0.05714,0.07513,0.06903,0.0899,0.00038
11872,chr8,53586476,53587572,0.00868,0.01103,0.00418,0.20677,0.00013,0.02753,0.24165,0.03158,0.25647,0.14293
11887,chr8,57588164,57627523,0.14657,0.1246,0.11066,0.21511,0.00292,0.00152,0.02509,0.00021,0.04195,0.04033
11896,chr8,59644267,59648087,0.06596,0.01839,0.07,0.0,0.11849,0.23989,0.06159,0.01142,0.0166,0.0749
11916,chr8,65605341,65608207,0.23241,0.26858,0.21117,0.19137,0.01264,0.00969,0.00708,0.0,0.03307,0.02604
11917,chr8,65712589,66387535,0.01258,0.26721,0.00785,0.05515,0.17336,0.03453,0.01505,0.31196,0.10767,0.09177
11958,chr8,81564384,81566032,0.28718,0.39482,0.14553,0.20834,0.01793,0.03794,0.01474,0.1024,0.06503,0.00685
11962,chr8,82521891,82525131,0.20233,0.01628,0.11179,0.09087,0.09512,0.01982,0.02651,0.03544,0.02568,0.00085
11977,chr8,87204913,87206000,0.13576,0.20282,0.15646,0.17293,0.02556,0.01965,0.02175,0.0,0.0,0.0
11985,chr8,89209245,89211460,0.00143,0.04006,0.09795,0.05121,0.05218,0.08074,0.03581,0.23033,0.16798,0.01702
12015,chr8,96988722,96993090,0.19699,0.32632,0.07568,0.22992,0.09465,0.04182,0.01416,0.1869,0.0502,0.0874
12018,chr8,97634190,97635400,0.04811,0.03081,0.13894,0.02592,0.14102,0.02614,0.00284,0.28245,0.10576,0.04569
12074,chr8,111146338,111148348,0.2306,0.0496,0.15537,0.14791,0.08749,0.01128,0.00837,0.04389,0.03811,4e-05
12103,chr8,118990005,118991713,0.00823,0.00024,0.3627,0.08008,0.0056,0.2923,0.03935,0.34118,0.07002,0.15943
12107,chr8,120270769,120277442,0.14607,0.28686,0.02124,0.01606,0.07841,0.08011,0.09934,0.26367,0.287,0.00089
12128,chr8,127307513,127309882,0.01119,0.06029,0.02589,0.23067,0.02596,0.00522,0.22534,0.01024,0.10463,0.23133
12137,chr8,129848297,129851703,0.05187,0.00176,0.25807,0.04758,0.06872,0.11937,0.00041,0.27438,0.06791,0.13264
12138,chr8,129863855,129878657,0.07932,0.40046,0.01286,0.13663,0.15765,0.13183,0.00513,0.4586,0.13152,0.22731
12154,chr8,135615316,135617439,0.04463,0.33898,0.23851,0.18844,0.17528,0.10158,0.05775,0.00932,0.04256,0.01042
12173,chr8,139531704,139538520,0.20137,0.25926,0.01501,0.00982,0.01278,0.09753,0.12439,0.14252,0.17326,0.00092
12174,chr8,139860913,139862034,0.14953,0.32059,0.07714,0.17157,0.11445,0.01676,0.00508,0.21944,0.07669,0.03938
12177,chr8,140867594,140868600,0.20017,0.12417,0.18566,0.17758,0.01229,0.00022,0.00043,0.01401,0.00808,0.00127
12179,chr8,141074317,141087965,0.23778,0.00551,0.14939,0.19547,0.19491,0.01162,0.00228,0.1157,0.15699,0.00368
12185,chr8,142761962,142765223,0.25493,0.12014,0.29143,0.31747,0.02681,0.01651,0.01416,0.06032,0.06235,0.00069
12186,chr8,143149709,143150783,0.04541,0.25811,0.24652,0.28152,0.08308,0.07441,0.09716,0.0007,0.00045,0.00292
12190,chr8,143323810,143325574,0.24582,0.18789,0.27883,0.27774,0.0037,0.01486,0.00677,0.02202,0.01531,0.00209
12204,chr8,144468788,144469839,0.22011,0.22242,0.04587,0.10614,0.00113,0.09027,0.02394,0.08376,0.01791,0.0187
12205,chr8,144559369,144560425,0.06537,0.24686,0.25204,0.15573,0.06658,0.07404,0.01761,0.00067,0.01828,0.02503
12208,chr8,144701229,144703404,0.04967,0.52821,0.17307,0.1268,0.37962,0.04896,0.01939,0.20866,0.28613,0.00859
12209,chr8,144767731,144781947,0.13083,0.00575,0.2138,0.16353,0.07454,0.01782,0.0034,0.14168,0.10092,0.00582
12215,chr8,145014750,145026304,0.19521,0.30379,0.11095,0.17933,0.02569,0.01029,0.0,0.06204,0.02251,0.00986
12216,chr8,145139591,145141252,0.06065,0.18972,0.03613,0.0015,0.04006,0.00415,0.08763,0.0747,0.23803,0.06919
12221,chr8,145549197,145551846,0.36634,0.39244,0.27415,0.23567,0.00039,0.01128,0.02838,0.01579,0.03491,0.00547
12256,chr9,5646761,5647939,0.11463,0.29239,0.13543,0.20475,0.08593,0.00408,0.03108,0.08772,0.03307,0.01815
12265,chr9,6722302,6724139,0.00725,0.12677,0.01129,0.00415,0.21919,0.04202,0.02826,0.05825,0.1015,0.00286
12268,chr9,7737976,7744076,0.09867,0.25888,0.02517,0.1494,0.04135,0.03043,0.00678,0.14103,0.01343,0.06692
12275,chr9,9014648,9019481,0.39314,0.15731,0.15644,0.0835,0.10744,0.08303,0.15481,0.001,0.00897,0.01463
12289,chr9,11891654,12120893,0.09786,0.24362,0.15413,0.16066,0.04126,0.01124,0.0107,0.00948,0.01084,3e-05
12290,chr9,12566192,12569004,5e-05,0.02517,0.28582,0.27319,0.02552,0.33893,0.31755,0.45987,0.44305,0.0027
12301,chr9,15174861,15216802,0.09588,0.01279,0.17808,0.03517,0.16018,0.00729,0.02125,0.30694,0.10622,0.06667
12313,chr9,17922624,17925989,0.55431,0.75476,0.39519,0.62288,0.14806,0.01956,0.01935,0.20769,0.08778,0.0674
12324,chr9,19683604,19684977,0.4954,0.79586,0.40259,0.47483,0.12538,0.02668,0.00929,0.271,0.22102,0.00598
12326,chr9,20051826,20132379,0.02641,0.03095,0.01038,0.08224,0.0,0.08074,0.02006,0.09779,0.0257,0.20204
12332,chr9,22104824,22110764,0.31466,0.28483,0.33391,0.32066,0.00436,0.04044,0.00496,0.04382,0.01484,0.02604
12336,chr9,23368806,23383694,0.05585,0.20397,0.21777,0.0207,0.0644,0.07318,0.00596,2e-05,0.09165,0.10509
12364,chr9,31306814,31308130,0.15823,0.33939,0.01609,0.45542,0.03248,0.06955,0.11589,0.20482,0.04333,0.33899
12371,chr9,33147111,33149163,0.16593,0.00446,0.08418,0.02667,0.22262,0.0137,0.08677,0.12902,0.05603,0.02865
12386,chr9,36002464,36003669,0.08018,0.21411,0.14822,0.10284,0.0496,0.02472,0.00216,0.0043,0.04001,0.01743
12423,chr9,76830201,76840012,0.26581,0.05778,0.13144,0.0308,0.09817,0.0369,0.10366,0.01414,0.00151,0.02189
12431,chr9,77313585,77314952,0.26073,0.06753,0.00993,0.08898,0.08442,0.16239,0.06437,0.02338,0.00123,0.0375
12468,chr9,83431003,83432095,0.127,0.39699,0.07455,0.11297,0.17349,0.003,0.00028,0.17202,0.18357,0.00161
12469,chr9,83440558,83484750,4e-05,0.03418,0.06245,0.00877,0.03903,0.06305,0.01073,0.21742,0.00883,0.13256
12489,chr9,87919017,87921205,0.29238,0.01978,0.22288,0.23326,0.2079,0.01437,0.02087,0.13635,0.13894,0.00036
12492,chr9,89097317,89099659,0.00275,0.10884,0.04168,0.00463,0.15437,0.02565,0.0153,0.25385,0.09622,0.07542
12507,chr9,93505294,93508060,0.00029,0.04453,0.09876,0.20599,0.05905,0.10736,0.22264,0.29259,0.42667,0.03229
12518,chr9,97303941,97334414,0.02044,0.16647,0.0,0.07848,0.0835,0.02133,0.02193,0.21944,0.0502,0.10081
12524,chr9,98258944,98260904,0.11028,0.00646,0.12481,0.00663,0.17271,0.00262,0.18382,0.19405,1e-05,0.21755
12527,chr9,99150261,99152694,0.03579,0.04347,0.1181,0.05771,0.13198,0.02623,0.00187,0.25445,0.18411,0.01617
12537,chr9,100780509,100782001,0.11215,0.30839,0.00446,0.0,0.06487,0.07712,0.12024,0.295,0.35659,0.00537
12554,chr9,105875601,105876711,4e-05,0.0859,0.0012,0.24218,0.10481,0.0026,0.32959,0.10674,0.06618,0.31162
12564,chr9,108804404,108806366,0.16309,0.23649,0.18421,0.2029,0.02455,0.01888,0.02089,0.0,0.0,0.0
12565,chr9,109028526,109146097,0.17326,0.24976,0.1016,0.15511,0.01544,0.00743,0.00019,0.03836,0.01835,0.00532
12569,chr9,110718681,110721302,0.18862,0.34992,0.20052,0.0746,0.05044,0.00029,0.03216,0.04419,0.14344,0.04142
12581,chr9,114126531,114136168,0.16774,0.23649,0.25135,0.175,0.01919,0.0082,0.00551,0.00245,0.04281,0.02946
12583,chr9,114964592,114966622,0.09414,0.28761,0.0,0.0,0.05763,0.06704,0.0738,0.21356,0.23262,0.0
12589,chr9,116322837,116324421,0.04606,0.23692,0.04283,0.02436,0.06795,0.00081,0.00705,0.09599,0.13897,0.00447
12606,chr9,126518925,126520295,0.03743,0.19738,0.07854,0.22854,0.08396,0.00777,0.11135,0.04234,0.00305,0.0652
12613,chr9,127513835,127514995,0.20804,0.29179,0.22436,0.24441,0.02637,0.00698,0.00831,0.00523,0.00514,2e-05
12632,chr9,138414433,138421785,0.20846,0.18071,0.18219,0.22874,0.00638,8e-05,0.00776,0.00722,0.02582,0.00654
12636,chr9,138963544,138966350,0.19703,0.30618,0.18057,0.23777,0.01375,0.00649,0.00031,0.03885,0.01011,0.01047
12638,chr9,139626281,139630739,0.22943,0.18493,0.03939,0.05494,0.02424,0.11066,0.1041,0.06155,0.05099,0.00129
12670,chr9,143623895,143788924,0.16124,0.21353,0.13603,0.29019,0.00891,0.00141,0.06301,0.01718,0.02356,0.09124
12674,chr9,145162499,145166629,0.12097,0.25049,0.09546,0.10996,0.04687,0.00016,0.0,0.0456,0.0414,0.00019
12696,chr9,147546081,147549631,0.12488,0.41743,0.31315,0.41829,0.11151,0.06873,0.12509,0.00161,0.00195,0.00605
12713,chr9,149595788,149597911,0.01114,0.05241,0.05473,0.01135,0.10944,0.0176,0.0001,0.21127,0.09387,0.01291
12720,chr9,149969120,149971857,0.0083,0.28687,0.0902,0.11882,0.19624,0.0422,0.06368,0.06993,0.04005,0.00372
12721,chr9,149976431,149978736,0.20362,0.00024,0.00284,0.04626,0.25925,0.17457,0.08109,0.00397,0.07402,0.03428
12722,chr9,150037720,150039789,0.11425,0.29998,0.08994,0.13357,0.16209,0.0015,0.01809,0.1018,0.07025,0.00594
12725,chr9,150283675,150284902,0.17602,0.00257,0.1633,0.05842,0.25065,0.0006,0.03804,0.23969,0.09733,0.0423
12727,chr9,150390332,150404632,0.12259,0.21986,0.1497,0.21593,0.01982,0.00088,0.01018,0.01244,0.00248,0.00538
